[2025-12-04 21:50:52] production.ERROR: SQLSTATE[HY000] [1045] Access denied for user 'database_username'@'bookstack.openproject-docker_backend' (using password: YES) (Connection: mysql, SQL: select exists (select 1 from information_schema.tables where table_schema = schema() and table_name = 'migrations' and table_type in ('BASE TABLE', 'SYSTEM VERSIONED')) as `exists`) {"exception":"[object] (Illuminate\\Database\\QueryException(code: 1045): SQLSTATE[HY000] [1045] Access denied for user 'database_username'@'bookstack.openproject-docker_backend' (using password: YES) (Connection: mysql, SQL: select exists (select 1 from information_schema.tables where table_schema = schema() and table_name = 'migrations' and table_type in ('BASE TABLE', 'SYSTEM VERSIONED')) as `exists`) at /app/www/vendor/laravel/framework/src/Illuminate/Database/Connection.php:826)
[stacktrace]
#0 /app/www/vendor/laravel/framework/src/Illuminate/Database/Connection.php(980): Illuminate\\Database\\Connection->runQueryCallback()
#1 /app/www/vendor/laravel/framework/src/Illuminate/Database/Connection.php(959): Illuminate\\Database\\Connection->tryAgainIfCausedByLostConnection()
#2 /app/www/vendor/laravel/framework/src/Illuminate/Database/Connection.php(782): Illuminate\\Database\\Connection->handleQueryException()
#3 /app/www/vendor/laravel/framework/src/Illuminate/Database/Connection.php(397): Illuminate\\Database\\Connection->run()
#4 /app/www/vendor/laravel/framework/src/Illuminate/Database/Connection.php(343): Illuminate\\Database\\Connection->select()
#5 /app/www/vendor/laravel/framework/src/Illuminate/Database/Connection.php(360): Illuminate\\Database\\Connection->selectOne()
#6 /app/www/vendor/laravel/framework/src/Illuminate/Database/Schema/Builder.php(174): Illuminate\\Database\\Connection->scalar()
#7 /app/www/vendor/laravel/framework/src/Illuminate/Database/Migrations/DatabaseMigrationRepository.php(185): Illuminate\\Database\\Schema\\Builder->hasTable()
#8 /app/www/vendor/laravel/framework/src/Illuminate/Database/Migrations/Migrator.php(753): Illuminate\\Database\\Migrations\\DatabaseMigrationRepository->repositoryExists()
#9 /app/www/vendor/laravel/framework/src/Illuminate/Database/Console/Migrations/MigrateCommand.php(164): Illuminate\\Database\\Migrations\\Migrator->repositoryExists()
#10 /app/www/vendor/laravel/framework/src/Illuminate/Support/helpers.php(424): Illuminate\\Database\\Console\\Migrations\\MigrateCommand->{closure:Illuminate\\Database\\Console\\Migrations\\MigrateCommand::repositoryExists():164}()
#11 /app/www/vendor/laravel/framework/src/Illuminate/Database/Console/Migrations/MigrateCommand.php(164): retry()
#12 /app/www/vendor/laravel/framework/src/Illuminate/Database/Console/Migrations/MigrateCommand.php(140): Illuminate\\Database\\Console\\Migrations\\MigrateCommand->repositoryExists()
#13 /app/www/vendor/laravel/framework/src/Illuminate/Database/Console/Migrations/MigrateCommand.php(110): Illuminate\\Database\\Console\\Migrations\\MigrateCommand->prepareDatabase()
#14 /app/www/vendor/laravel/framework/src/Illuminate/Database/Migrations/Migrator.php(666): Illuminate\\Database\\Console\\Migrations\\MigrateCommand->{closure:Illuminate\\Database\\Console\\Migrations\\MigrateCommand::runMigrations():109}()
#15 /app/www/vendor/laravel/framework/src/Illuminate/Database/Console/Migrations/MigrateCommand.php(109): Illuminate\\Database\\Migrations\\Migrator->usingConnection()
#16 /app/www/vendor/laravel/framework/src/Illuminate/Database/Console/Migrations/MigrateCommand.php(88): Illuminate\\Database\\Console\\Migrations\\MigrateCommand->runMigrations()
#17 /app/www/vendor/laravel/framework/src/Illuminate/Container/BoundMethod.php(36): Illuminate\\Database\\Console\\Migrations\\MigrateCommand->handle()
#18 /app/www/vendor/laravel/framework/src/Illuminate/Container/Util.php(43): Illuminate\\Container\\BoundMethod::{closure:Illuminate\\Container\\BoundMethod::call():35}()
#19 /app/www/vendor/laravel/framework/src/Illuminate/Container/BoundMethod.php(96): Illuminate\\Container\\Util::unwrapIfClosure()
#20 /app/www/vendor/laravel/framework/src/Illuminate/Container/BoundMethod.php(35): Illuminate\\Container\\BoundMethod::callBoundMethod()
#21 /app/www/vendor/laravel/framework/src/Illuminate/Container/Container.php(807): Illuminate\\Container\\BoundMethod::call()
#22 /app/www/vendor/laravel/framework/src/Illuminate/Console/Command.php(211): Illuminate\\Container\\Container->call()
#23 /app/www/vendor/symfony/console/Command/Command.php(335): Illuminate\\Console\\Command->execute()
#24 /app/www/vendor/laravel/framework/src/Illuminate/Console/Command.php(180): Symfony\\Component\\Console\\Command\\Command->run()
#25 /app/www/vendor/symfony/console/Application.php(1103): Illuminate\\Console\\Command->run()
#26 /app/www/vendor/symfony/console/Application.php(356): Symfony\\Component\\Console\\Application->doRunCommand()
#27 /app/www/vendor/symfony/console/Application.php(195): Symfony\\Component\\Console\\Application->doRun()
#28 /app/www/vendor/laravel/framework/src/Illuminate/Foundation/Console/Kernel.php(197): Symfony\\Component\\Console\\Application->run()
#29 /app/www/artisan(35): Illuminate\\Foundation\\Console\\Kernel->handle()
#30 {main}

[previous exception] [object] (PDOException(code: 1045): SQLSTATE[HY000] [1045] Access denied for user 'database_username'@'bookstack.openproject-docker_backend' (using password: YES) at /app/www/vendor/laravel/framework/src/Illuminate/Database/Connectors/Connector.php:67)
[stacktrace]
#0 /app/www/vendor/laravel/framework/src/Illuminate/Database/Connectors/Connector.php(67): PDO::connect()
#1 /app/www/vendor/laravel/framework/src/Illuminate/Database/Connectors/Connector.php(85): Illuminate\\Database\\Connectors\\Connector->createPdoConnection()
#2 /app/www/vendor/laravel/framework/src/Illuminate/Database/Connectors/Connector.php(48): Illuminate\\Database\\Connectors\\Connector->tryAgainIfCausedByLostConnection()
#3 /app/www/vendor/laravel/framework/src/Illuminate/Database/Connectors/MySqlConnector.php(24): Illuminate\\Database\\Connectors\\Connector->createConnection()
#4 /app/www/vendor/laravel/framework/src/Illuminate/Database/Connectors/ConnectionFactory.php(184): Illuminate\\Database\\Connectors\\MySqlConnector->connect()
#5 [internal function]: Illuminate\\Database\\Connectors\\ConnectionFactory->{closure:Illuminate\\Database\\Connectors\\ConnectionFactory::createPdoResolverWithHosts():179}()
#6 /app/www/vendor/laravel/framework/src/Illuminate/Database/Connection.php(1236): call_user_func()
#7 /app/www/vendor/laravel/framework/src/Illuminate/Database/Connection.php(1272): Illuminate\\Database\\Connection->getPdo()
#8 /app/www/vendor/laravel/framework/src/Illuminate/Database/Connection.php(511): Illuminate\\Database\\Connection->getReadPdo()
#9 /app/www/vendor/laravel/framework/src/Illuminate/Database/Connection.php(406): Illuminate\\Database\\Connection->getPdoForSelect()
#10 /app/www/vendor/laravel/framework/src/Illuminate/Database/Connection.php(813): Illuminate\\Database\\Connection->{closure:Illuminate\\Database\\Connection::select():397}()
#11 /app/www/vendor/laravel/framework/src/Illuminate/Database/Connection.php(980): Illuminate\\Database\\Connection->runQueryCallback()
#12 /app/www/vendor/laravel/framework/src/Illuminate/Database/Connection.php(959): Illuminate\\Database\\Connection->tryAgainIfCausedByLostConnection()
#13 /app/www/vendor/laravel/framework/src/Illuminate/Database/Connection.php(782): Illuminate\\Database\\Connection->handleQueryException()
#14 /app/www/vendor/laravel/framework/src/Illuminate/Database/Connection.php(397): Illuminate\\Database\\Connection->run()
#15 /app/www/vendor/laravel/framework/src/Illuminate/Database/Connection.php(343): Illuminate\\Database\\Connection->select()
#16 /app/www/vendor/laravel/framework/src/Illuminate/Database/Connection.php(360): Illuminate\\Database\\Connection->selectOne()
#17 /app/www/vendor/laravel/framework/src/Illuminate/Database/Schema/Builder.php(174): Illuminate\\Database\\Connection->scalar()
#18 /app/www/vendor/laravel/framework/src/Illuminate/Database/Migrations/DatabaseMigrationRepository.php(185): Illuminate\\Database\\Schema\\Builder->hasTable()
#19 /app/www/vendor/laravel/framework/src/Illuminate/Database/Migrations/Migrator.php(753): Illuminate\\Database\\Migrations\\DatabaseMigrationRepository->repositoryExists()
#20 /app/www/vendor/laravel/framework/src/Illuminate/Database/Console/Migrations/MigrateCommand.php(164): Illuminate\\Database\\Migrations\\Migrator->repositoryExists()
#21 /app/www/vendor/laravel/framework/src/Illuminate/Support/helpers.php(424): Illuminate\\Database\\Console\\Migrations\\MigrateCommand->{closure:Illuminate\\Database\\Console\\Migrations\\MigrateCommand::repositoryExists():164}()
#22 /app/www/vendor/laravel/framework/src/Illuminate/Database/Console/Migrations/MigrateCommand.php(164): retry()
#23 /app/www/vendor/laravel/framework/src/Illuminate/Database/Console/Migrations/MigrateCommand.php(140): Illuminate\\Database\\Console\\Migrations\\MigrateCommand->repositoryExists()
#24 /app/www/vendor/laravel/framework/src/Illuminate/Database/Console/Migrations/MigrateCommand.php(110): Illuminate\\Database\\Console\\Migrations\\MigrateCommand->prepareDatabase()
#25 /app/www/vendor/laravel/framework/src/Illuminate/Database/Migrations/Migrator.php(666): Illuminate\\Database\\Console\\Migrations\\MigrateCommand->{closure:Illuminate\\Database\\Console\\Migrations\\MigrateCommand::runMigrations():109}()
#26 /app/www/vendor/laravel/framework/src/Illuminate/Database/Console/Migrations/MigrateCommand.php(109): Illuminate\\Database\\Migrations\\Migrator->usingConnection()
#27 /app/www/vendor/laravel/framework/src/Illuminate/Database/Console/Migrations/MigrateCommand.php(88): Illuminate\\Database\\Console\\Migrations\\MigrateCommand->runMigrations()
#28 /app/www/vendor/laravel/framework/src/Illuminate/Container/BoundMethod.php(36): Illuminate\\Database\\Console\\Migrations\\MigrateCommand->handle()
#29 /app/www/vendor/laravel/framework/src/Illuminate/Container/Util.php(43): Illuminate\\Container\\BoundMethod::{closure:Illuminate\\Container\\BoundMethod::call():35}()
#30 /app/www/vendor/laravel/framework/src/Illuminate/Container/BoundMethod.php(96): Illuminate\\Container\\Util::unwrapIfClosure()
#31 /app/www/vendor/laravel/framework/src/Illuminate/Container/BoundMethod.php(35): Illuminate\\Container\\BoundMethod::callBoundMethod()
#32 /app/www/vendor/laravel/framework/src/Illuminate/Container/Container.php(807): Illuminate\\Container\\BoundMethod::call()
#33 /app/www/vendor/laravel/framework/src/Illuminate/Console/Command.php(211): Illuminate\\Container\\Container->call()
#34 /app/www/vendor/symfony/console/Command/Command.php(335): Illuminate\\Console\\Command->execute()
#35 /app/www/vendor/laravel/framework/src/Illuminate/Console/Command.php(180): Symfony\\Component\\Console\\Command\\Command->run()
#36 /app/www/vendor/symfony/console/Application.php(1103): Illuminate\\Console\\Command->run()
#37 /app/www/vendor/symfony/console/Application.php(356): Symfony\\Component\\Console\\Application->doRunCommand()
#38 /app/www/vendor/symfony/console/Application.php(195): Symfony\\Component\\Console\\Application->doRun()
#39 /app/www/vendor/laravel/framework/src/Illuminate/Foundation/Console/Kernel.php(197): Symfony\\Component\\Console\\Application->run()
#40 /app/www/artisan(35): Illuminate\\Foundation\\Console\\Kernel->handle()
#41 {main}
"} 
[2025-12-04 21:50:55] production.ERROR: SQLSTATE[HY000] [1045] Access denied for user 'database_username'@'bookstack.openproject-docker_backend' (using password: YES) (Connection: mysql, SQL: select * from `users` where `system_name` = public limit 1) {"exception":"[object] (Illuminate\\Database\\QueryException(code: 1045): SQLSTATE[HY000] [1045] Access denied for user 'database_username'@'bookstack.openproject-docker_backend' (using password: YES) (Connection: mysql, SQL: select * from `users` where `system_name` = public limit 1) at /app/www/vendor/laravel/framework/src/Illuminate/Database/Connection.php:826)
[stacktrace]
#0 /app/www/vendor/laravel/framework/src/Illuminate/Database/Connection.php(980): Illuminate\\Database\\Connection->runQueryCallback()
#1 /app/www/vendor/laravel/framework/src/Illuminate/Database/Connection.php(959): Illuminate\\Database\\Connection->tryAgainIfCausedByLostConnection()
#2 /app/www/vendor/laravel/framework/src/Illuminate/Database/Connection.php(782): Illuminate\\Database\\Connection->handleQueryException()
#3 /app/www/vendor/laravel/framework/src/Illuminate/Database/Connection.php(397): Illuminate\\Database\\Connection->run()
#4 /app/www/vendor/laravel/framework/src/Illuminate/Database/Query/Builder.php(3188): Illuminate\\Database\\Connection->select()
#5 /app/www/vendor/laravel/framework/src/Illuminate/Database/Query/Builder.php(3173): Illuminate\\Database\\Query\\Builder->runSelect()
#6 /app/www/vendor/laravel/framework/src/Illuminate/Database/Query/Builder.php(3763): Illuminate\\Database\\Query\\Builder->{closure:Illuminate\\Database\\Query\\Builder::get():3172}()
#7 /app/www/vendor/laravel/framework/src/Illuminate/Database/Query/Builder.php(3172): Illuminate\\Database\\Query\\Builder->onceWithColumns()
#8 /app/www/vendor/laravel/framework/src/Illuminate/Database/Eloquent/Builder.php(902): Illuminate\\Database\\Query\\Builder->get()
#9 /app/www/vendor/laravel/framework/src/Illuminate/Database/Eloquent/Builder.php(884): Illuminate\\Database\\Eloquent\\Builder->getModels()
#10 /app/www/vendor/laravel/framework/src/Illuminate/Database/Concerns/BuildsQueries.php(366): Illuminate\\Database\\Eloquent\\Builder->get()
#11 /app/www/app/App/Providers/AuthServiceProvider.php(69): Illuminate\\Database\\Eloquent\\Builder->first()
#12 /app/www/vendor/laravel/framework/src/Illuminate/Container/Container.php(1125): BookStack\\App\\Providers\\AuthServiceProvider->{closure:BookStack\\App\\Providers\\AuthServiceProvider::register():68}()
#13 /app/www/vendor/laravel/framework/src/Illuminate/Container/Container.php(943): Illuminate\\Container\\Container->build()
#14 /app/www/vendor/laravel/framework/src/Illuminate/Foundation/Application.php(1078): Illuminate\\Container\\Container->resolve()
#15 /app/www/vendor/laravel/framework/src/Illuminate/Container/Container.php(874): Illuminate\\Foundation\\Application->resolve()
#16 /app/www/vendor/laravel/framework/src/Illuminate/Foundation/Application.php(1058): Illuminate\\Container\\Container->make()
#17 /app/www/app/Users/Models/User.php(98): Illuminate\\Foundation\\Application->make()
#18 /app/www/app/App/helpers.php(36): BookStack\\Users\\Models\\User::getGuest()
#19 /app/www/app/Http/Middleware/Localization.php(26): user()
#20 /app/www/vendor/laravel/framework/src/Illuminate/Pipeline/Pipeline.php(219): BookStack\\Http\\Middleware\\Localization->handle()
#21 /app/www/app/Http/Middleware/RunThemeActions.php(26): Illuminate\\Pipeline\\Pipeline->{closure:{closure:Illuminate\\Pipeline\\Pipeline::carry():194}:195}()
#22 /app/www/vendor/laravel/framework/src/Illuminate/Pipeline/Pipeline.php(219): BookStack\\Http\\Middleware\\RunThemeActions->handle()
#23 /app/www/app/Http/Middleware/CheckEmailConfirmed.php(47): Illuminate\\Pipeline\\Pipeline->{closure:{closure:Illuminate\\Pipeline\\Pipeline::carry():194}:195}()
#24 /app/www/vendor/laravel/framework/src/Illuminate/Pipeline/Pipeline.php(219): BookStack\\Http\\Middleware\\CheckEmailConfirmed->handle()
#25 /app/www/vendor/laravel/framework/src/Illuminate/Foundation/Http/Middleware/VerifyCsrfToken.php(87): Illuminate\\Pipeline\\Pipeline->{closure:{closure:Illuminate\\Pipeline\\Pipeline::carry():194}:195}()
#26 /app/www/vendor/laravel/framework/src/Illuminate/Pipeline/Pipeline.php(219): Illuminate\\Foundation\\Http\\Middleware\\VerifyCsrfToken->handle()
#27 /app/www/vendor/laravel/framework/src/Illuminate/View/Middleware/ShareErrorsFromSession.php(48): Illuminate\\Pipeline\\Pipeline->{closure:{closure:Illuminate\\Pipeline\\Pipeline::carry():194}:195}()
#28 /app/www/vendor/laravel/framework/src/Illuminate/Pipeline/Pipeline.php(219): Illuminate\\View\\Middleware\\ShareErrorsFromSession->handle()
#29 /app/www/vendor/laravel/framework/src/Illuminate/Session/Middleware/StartSession.php(120): Illuminate\\Pipeline\\Pipeline->{closure:{closure:Illuminate\\Pipeline\\Pipeline::carry():194}:195}()
#30 /app/www/vendor/laravel/framework/src/Illuminate/Session/Middleware/StartSession.php(63): Illuminate\\Session\\Middleware\\StartSession->handleStatefulRequest()
#31 /app/www/vendor/laravel/framework/src/Illuminate/Pipeline/Pipeline.php(219): Illuminate\\Session\\Middleware\\StartSession->handle()
#32 /app/www/vendor/laravel/framework/src/Illuminate/Cookie/Middleware/AddQueuedCookiesToResponse.php(36): Illuminate\\Pipeline\\Pipeline->{closure:{closure:Illuminate\\Pipeline\\Pipeline::carry():194}:195}()
#33 /app/www/vendor/laravel/framework/src/Illuminate/Pipeline/Pipeline.php(219): Illuminate\\Cookie\\Middleware\\AddQueuedCookiesToResponse->handle()
#34 /app/www/vendor/laravel/framework/src/Illuminate/Cookie/Middleware/EncryptCookies.php(74): Illuminate\\Pipeline\\Pipeline->{closure:{closure:Illuminate\\Pipeline\\Pipeline::carry():194}:195}()
#35 /app/www/vendor/laravel/framework/src/Illuminate/Pipeline/Pipeline.php(219): Illuminate\\Cookie\\Middleware\\EncryptCookies->handle()
#36 /app/www/app/Http/Middleware/ApplyCspRules.php(33): Illuminate\\Pipeline\\Pipeline->{closure:{closure:Illuminate\\Pipeline\\Pipeline::carry():194}:195}()
#37 /app/www/vendor/laravel/framework/src/Illuminate/Pipeline/Pipeline.php(219): BookStack\\Http\\Middleware\\ApplyCspRules->handle()
#38 /app/www/vendor/laravel/framework/src/Illuminate/Pipeline/Pipeline.php(137): Illuminate\\Pipeline\\Pipeline->{closure:{closure:Illuminate\\Pipeline\\Pipeline::carry():194}:195}()
#39 /app/www/vendor/laravel/framework/src/Illuminate/Routing/Router.php(821): Illuminate\\Pipeline\\Pipeline->then()
#40 /app/www/vendor/laravel/framework/src/Illuminate/Routing/Router.php(800): Illuminate\\Routing\\Router->runRouteWithinStack()
#41 /app/www/vendor/laravel/framework/src/Illuminate/Routing/Router.php(764): Illuminate\\Routing\\Router->runRoute()
#42 /app/www/vendor/laravel/framework/src/Illuminate/Routing/Router.php(753): Illuminate\\Routing\\Router->dispatchToRoute()
#43 /app/www/vendor/laravel/framework/src/Illuminate/Foundation/Http/Kernel.php(200): Illuminate\\Routing\\Router->dispatch()
#44 /app/www/vendor/laravel/framework/src/Illuminate/Pipeline/Pipeline.php(180): Illuminate\\Foundation\\Http\\Kernel->{closure:Illuminate\\Foundation\\Http\\Kernel::dispatchToRouter():197}()
#45 /app/www/app/Http/Middleware/PreventResponseCaching.php(28): Illuminate\\Pipeline\\Pipeline->{closure:Illuminate\\Pipeline\\Pipeline::prepareDestination():178}()
#46 /app/www/vendor/laravel/framework/src/Illuminate/Pipeline/Pipeline.php(219): BookStack\\Http\\Middleware\\PreventResponseCaching->handle()
#47 /app/www/vendor/laravel/framework/src/Illuminate/Http/Middleware/TrustProxies.php(58): Illuminate\\Pipeline\\Pipeline->{closure:{closure:Illuminate\\Pipeline\\Pipeline::carry():194}:195}()
#48 /app/www/app/Http/Middleware/TrustProxies.php(41): Illuminate\\Http\\Middleware\\TrustProxies->handle()
#49 /app/www/vendor/laravel/framework/src/Illuminate/Pipeline/Pipeline.php(219): BookStack\\Http\\Middleware\\TrustProxies->handle()
#50 /app/www/vendor/laravel/framework/src/Illuminate/Foundation/Http/Middleware/TransformsRequest.php(21): Illuminate\\Pipeline\\Pipeline->{closure:{closure:Illuminate\\Pipeline\\Pipeline::carry():194}:195}()
#51 /app/www/vendor/laravel/framework/src/Illuminate/Foundation/Http/Middleware/TrimStrings.php(51): Illuminate\\Foundation\\Http\\Middleware\\TransformsRequest->handle()
#52 /app/www/vendor/laravel/framework/src/Illuminate/Pipeline/Pipeline.php(219): Illuminate\\Foundation\\Http\\Middleware\\TrimStrings->handle()
#53 /app/www/vendor/laravel/framework/src/Illuminate/Http/Middleware/ValidatePostSize.php(27): Illuminate\\Pipeline\\Pipeline->{closure:{closure:Illuminate\\Pipeline\\Pipeline::carry():194}:195}()
#54 /app/www/vendor/laravel/framework/src/Illuminate/Pipeline/Pipeline.php(219): Illuminate\\Http\\Middleware\\ValidatePostSize->handle()
#55 /app/www/vendor/laravel/framework/src/Illuminate/Foundation/Http/Middleware/PreventRequestsDuringMaintenance.php(109): Illuminate\\Pipeline\\Pipeline->{closure:{closure:Illuminate\\Pipeline\\Pipeline::carry():194}:195}()
#56 /app/www/vendor/laravel/framework/src/Illuminate/Pipeline/Pipeline.php(219): Illuminate\\Foundation\\Http\\Middleware\\PreventRequestsDuringMaintenance->handle()
#57 /app/www/vendor/laravel/framework/src/Illuminate/Pipeline/Pipeline.php(137): Illuminate\\Pipeline\\Pipeline->{closure:{closure:Illuminate\\Pipeline\\Pipeline::carry():194}:195}()
#58 /app/www/vendor/laravel/framework/src/Illuminate/Foundation/Http/Kernel.php(175): Illuminate\\Pipeline\\Pipeline->then()
#59 /app/www/vendor/laravel/framework/src/Illuminate/Foundation/Http/Kernel.php(144): Illuminate\\Foundation\\Http\\Kernel->sendRequestThroughRouter()
#60 /app/www/public/index.php(23): Illuminate\\Foundation\\Http\\Kernel->handle()
#61 {main}

[previous exception] [object] (PDOException(code: 1045): SQLSTATE[HY000] [1045] Access denied for user 'database_username'@'bookstack.openproject-docker_backend' (using password: YES) at /app/www/vendor/laravel/framework/src/Illuminate/Database/Connectors/Connector.php:67)
[stacktrace]
#0 /app/www/vendor/laravel/framework/src/Illuminate/Database/Connectors/Connector.php(67): PDO::connect()
#1 /app/www/vendor/laravel/framework/src/Illuminate/Database/Connectors/Connector.php(85): Illuminate\\Database\\Connectors\\Connector->createPdoConnection()
#2 /app/www/vendor/laravel/framework/src/Illuminate/Database/Connectors/Connector.php(48): Illuminate\\Database\\Connectors\\Connector->tryAgainIfCausedByLostConnection()
#3 /app/www/vendor/laravel/framework/src/Illuminate/Database/Connectors/MySqlConnector.php(24): Illuminate\\Database\\Connectors\\Connector->createConnection()
#4 /app/www/vendor/laravel/framework/src/Illuminate/Database/Connectors/ConnectionFactory.php(184): Illuminate\\Database\\Connectors\\MySqlConnector->connect()
#5 [internal function]: Illuminate\\Database\\Connectors\\ConnectionFactory->{closure:Illuminate\\Database\\Connectors\\ConnectionFactory::createPdoResolverWithHosts():179}()
#6 /app/www/vendor/laravel/framework/src/Illuminate/Database/Connection.php(1236): call_user_func()
#7 /app/www/vendor/laravel/framework/src/Illuminate/Database/Connection.php(1272): Illuminate\\Database\\Connection->getPdo()
#8 /app/www/vendor/laravel/framework/src/Illuminate/Database/Connection.php(511): Illuminate\\Database\\Connection->getReadPdo()
#9 /app/www/vendor/laravel/framework/src/Illuminate/Database/Connection.php(406): Illuminate\\Database\\Connection->getPdoForSelect()
#10 /app/www/vendor/laravel/framework/src/Illuminate/Database/Connection.php(813): Illuminate\\Database\\Connection->{closure:Illuminate\\Database\\Connection::select():397}()
#11 /app/www/vendor/laravel/framework/src/Illuminate/Database/Connection.php(980): Illuminate\\Database\\Connection->runQueryCallback()
#12 /app/www/vendor/laravel/framework/src/Illuminate/Database/Connection.php(959): Illuminate\\Database\\Connection->tryAgainIfCausedByLostConnection()
#13 /app/www/vendor/laravel/framework/src/Illuminate/Database/Connection.php(782): Illuminate\\Database\\Connection->handleQueryException()
#14 /app/www/vendor/laravel/framework/src/Illuminate/Database/Connection.php(397): Illuminate\\Database\\Connection->run()
#15 /app/www/vendor/laravel/framework/src/Illuminate/Database/Query/Builder.php(3188): Illuminate\\Database\\Connection->select()
#16 /app/www/vendor/laravel/framework/src/Illuminate/Database/Query/Builder.php(3173): Illuminate\\Database\\Query\\Builder->runSelect()
#17 /app/www/vendor/laravel/framework/src/Illuminate/Database/Query/Builder.php(3763): Illuminate\\Database\\Query\\Builder->{closure:Illuminate\\Database\\Query\\Builder::get():3172}()
#18 /app/www/vendor/laravel/framework/src/Illuminate/Database/Query/Builder.php(3172): Illuminate\\Database\\Query\\Builder->onceWithColumns()
#19 /app/www/vendor/laravel/framework/src/Illuminate/Database/Eloquent/Builder.php(902): Illuminate\\Database\\Query\\Builder->get()
#20 /app/www/vendor/laravel/framework/src/Illuminate/Database/Eloquent/Builder.php(884): Illuminate\\Database\\Eloquent\\Builder->getModels()
#21 /app/www/vendor/laravel/framework/src/Illuminate/Database/Concerns/BuildsQueries.php(366): Illuminate\\Database\\Eloquent\\Builder->get()
#22 /app/www/app/App/Providers/AuthServiceProvider.php(69): Illuminate\\Database\\Eloquent\\Builder->first()
#23 /app/www/vendor/laravel/framework/src/Illuminate/Container/Container.php(1125): BookStack\\App\\Providers\\AuthServiceProvider->{closure:BookStack\\App\\Providers\\AuthServiceProvider::register():68}()
#24 /app/www/vendor/laravel/framework/src/Illuminate/Container/Container.php(943): Illuminate\\Container\\Container->build()
#25 /app/www/vendor/laravel/framework/src/Illuminate/Foundation/Application.php(1078): Illuminate\\Container\\Container->resolve()
#26 /app/www/vendor/laravel/framework/src/Illuminate/Container/Container.php(874): Illuminate\\Foundation\\Application->resolve()
#27 /app/www/vendor/laravel/framework/src/Illuminate/Foundation/Application.php(1058): Illuminate\\Container\\Container->make()
#28 /app/www/app/Users/Models/User.php(98): Illuminate\\Foundation\\Application->make()
#29 /app/www/app/App/helpers.php(36): BookStack\\Users\\Models\\User::getGuest()
#30 /app/www/app/Http/Middleware/Localization.php(26): user()
#31 /app/www/vendor/laravel/framework/src/Illuminate/Pipeline/Pipeline.php(219): BookStack\\Http\\Middleware\\Localization->handle()
#32 /app/www/app/Http/Middleware/RunThemeActions.php(26): Illuminate\\Pipeline\\Pipeline->{closure:{closure:Illuminate\\Pipeline\\Pipeline::carry():194}:195}()
#33 /app/www/vendor/laravel/framework/src/Illuminate/Pipeline/Pipeline.php(219): BookStack\\Http\\Middleware\\RunThemeActions->handle()
#34 /app/www/app/Http/Middleware/CheckEmailConfirmed.php(47): Illuminate\\Pipeline\\Pipeline->{closure:{closure:Illuminate\\Pipeline\\Pipeline::carry():194}:195}()
#35 /app/www/vendor/laravel/framework/src/Illuminate/Pipeline/Pipeline.php(219): BookStack\\Http\\Middleware\\CheckEmailConfirmed->handle()
#36 /app/www/vendor/laravel/framework/src/Illuminate/Foundation/Http/Middleware/VerifyCsrfToken.php(87): Illuminate\\Pipeline\\Pipeline->{closure:{closure:Illuminate\\Pipeline\\Pipeline::carry():194}:195}()
#37 /app/www/vendor/laravel/framework/src/Illuminate/Pipeline/Pipeline.php(219): Illuminate\\Foundation\\Http\\Middleware\\VerifyCsrfToken->handle()
#38 /app/www/vendor/laravel/framework/src/Illuminate/View/Middleware/ShareErrorsFromSession.php(48): Illuminate\\Pipeline\\Pipeline->{closure:{closure:Illuminate\\Pipeline\\Pipeline::carry():194}:195}()
#39 /app/www/vendor/laravel/framework/src/Illuminate/Pipeline/Pipeline.php(219): Illuminate\\View\\Middleware\\ShareErrorsFromSession->handle()
#40 /app/www/vendor/laravel/framework/src/Illuminate/Session/Middleware/StartSession.php(120): Illuminate\\Pipeline\\Pipeline->{closure:{closure:Illuminate\\Pipeline\\Pipeline::carry():194}:195}()
#41 /app/www/vendor/laravel/framework/src/Illuminate/Session/Middleware/StartSession.php(63): Illuminate\\Session\\Middleware\\StartSession->handleStatefulRequest()
#42 /app/www/vendor/laravel/framework/src/Illuminate/Pipeline/Pipeline.php(219): Illuminate\\Session\\Middleware\\StartSession->handle()
#43 /app/www/vendor/laravel/framework/src/Illuminate/Cookie/Middleware/AddQueuedCookiesToResponse.php(36): Illuminate\\Pipeline\\Pipeline->{closure:{closure:Illuminate\\Pipeline\\Pipeline::carry():194}:195}()
#44 /app/www/vendor/laravel/framework/src/Illuminate/Pipeline/Pipeline.php(219): Illuminate\\Cookie\\Middleware\\AddQueuedCookiesToResponse->handle()
#45 /app/www/vendor/laravel/framework/src/Illuminate/Cookie/Middleware/EncryptCookies.php(74): Illuminate\\Pipeline\\Pipeline->{closure:{closure:Illuminate\\Pipeline\\Pipeline::carry():194}:195}()
#46 /app/www/vendor/laravel/framework/src/Illuminate/Pipeline/Pipeline.php(219): Illuminate\\Cookie\\Middleware\\EncryptCookies->handle()
#47 /app/www/app/Http/Middleware/ApplyCspRules.php(33): Illuminate\\Pipeline\\Pipeline->{closure:{closure:Illuminate\\Pipeline\\Pipeline::carry():194}:195}()
#48 /app/www/vendor/laravel/framework/src/Illuminate/Pipeline/Pipeline.php(219): BookStack\\Http\\Middleware\\ApplyCspRules->handle()
#49 /app/www/vendor/laravel/framework/src/Illuminate/Pipeline/Pipeline.php(137): Illuminate\\Pipeline\\Pipeline->{closure:{closure:Illuminate\\Pipeline\\Pipeline::carry():194}:195}()
#50 /app/www/vendor/laravel/framework/src/Illuminate/Routing/Router.php(821): Illuminate\\Pipeline\\Pipeline->then()
#51 /app/www/vendor/laravel/framework/src/Illuminate/Routing/Router.php(800): Illuminate\\Routing\\Router->runRouteWithinStack()
#52 /app/www/vendor/laravel/framework/src/Illuminate/Routing/Router.php(764): Illuminate\\Routing\\Router->runRoute()
#53 /app/www/vendor/laravel/framework/src/Illuminate/Routing/Router.php(753): Illuminate\\Routing\\Router->dispatchToRoute()
#54 /app/www/vendor/laravel/framework/src/Illuminate/Foundation/Http/Kernel.php(200): Illuminate\\Routing\\Router->dispatch()
#55 /app/www/vendor/laravel/framework/src/Illuminate/Pipeline/Pipeline.php(180): Illuminate\\Foundation\\Http\\Kernel->{closure:Illuminate\\Foundation\\Http\\Kernel::dispatchToRouter():197}()
#56 /app/www/app/Http/Middleware/PreventResponseCaching.php(28): Illuminate\\Pipeline\\Pipeline->{closure:Illuminate\\Pipeline\\Pipeline::prepareDestination():178}()
#57 /app/www/vendor/laravel/framework/src/Illuminate/Pipeline/Pipeline.php(219): BookStack\\Http\\Middleware\\PreventResponseCaching->handle()
#58 /app/www/vendor/laravel/framework/src/Illuminate/Http/Middleware/TrustProxies.php(58): Illuminate\\Pipeline\\Pipeline->{closure:{closure:Illuminate\\Pipeline\\Pipeline::carry():194}:195}()
#59 /app/www/app/Http/Middleware/TrustProxies.php(41): Illuminate\\Http\\Middleware\\TrustProxies->handle()
#60 /app/www/vendor/laravel/framework/src/Illuminate/Pipeline/Pipeline.php(219): BookStack\\Http\\Middleware\\TrustProxies->handle()
#61 /app/www/vendor/laravel/framework/src/Illuminate/Foundation/Http/Middleware/TransformsRequest.php(21): Illuminate\\Pipeline\\Pipeline->{closure:{closure:Illuminate\\Pipeline\\Pipeline::carry():194}:195}()
#62 /app/www/vendor/laravel/framework/src/Illuminate/Foundation/Http/Middleware/TrimStrings.php(51): Illuminate\\Foundation\\Http\\Middleware\\TransformsRequest->handle()
#63 /app/www/vendor/laravel/framework/src/Illuminate/Pipeline/Pipeline.php(219): Illuminate\\Foundation\\Http\\Middleware\\TrimStrings->handle()
#64 /app/www/vendor/laravel/framework/src/Illuminate/Http/Middleware/ValidatePostSize.php(27): Illuminate\\Pipeline\\Pipeline->{closure:{closure:Illuminate\\Pipeline\\Pipeline::carry():194}:195}()
#65 /app/www/vendor/laravel/framework/src/Illuminate/Pipeline/Pipeline.php(219): Illuminate\\Http\\Middleware\\ValidatePostSize->handle()
#66 /app/www/vendor/laravel/framework/src/Illuminate/Foundation/Http/Middleware/PreventRequestsDuringMaintenance.php(109): Illuminate\\Pipeline\\Pipeline->{closure:{closure:Illuminate\\Pipeline\\Pipeline::carry():194}:195}()
#67 /app/www/vendor/laravel/framework/src/Illuminate/Pipeline/Pipeline.php(219): Illuminate\\Foundation\\Http\\Middleware\\PreventRequestsDuringMaintenance->handle()
#68 /app/www/vendor/laravel/framework/src/Illuminate/Pipeline/Pipeline.php(137): Illuminate\\Pipeline\\Pipeline->{closure:{closure:Illuminate\\Pipeline\\Pipeline::carry():194}:195}()
#69 /app/www/vendor/laravel/framework/src/Illuminate/Foundation/Http/Kernel.php(175): Illuminate\\Pipeline\\Pipeline->then()
#70 /app/www/vendor/laravel/framework/src/Illuminate/Foundation/Http/Kernel.php(144): Illuminate\\Foundation\\Http\\Kernel->sendRequestThroughRouter()
#71 /app/www/public/index.php(23): Illuminate\\Foundation\\Http\\Kernel->handle()
#72 {main}
"} 
[2025-12-04 21:50:55] production.ERROR: SQLSTATE[HY000] [1045] Access denied for user 'database_username'@'bookstack.openproject-docker_backend' (using password: YES) (Connection: mysql, SQL: select * from `users` where `system_name` = public limit 1) (View: /app/www/resources/views/layouts/base.blade.php) (View: /app/www/resources/views/layouts/base.blade.php) {"exception":"[object] (Illuminate\\View\\ViewException(code: 0): SQLSTATE[HY000] [1045] Access denied for user 'database_username'@'bookstack.openproject-docker_backend' (using password: YES) (Connection: mysql, SQL: select * from `users` where `system_name` = public limit 1) (View: /app/www/resources/views/layouts/base.blade.php) (View: /app/www/resources/views/layouts/base.blade.php) at /app/www/vendor/laravel/framework/src/Illuminate/Database/Connection.php:826)
[stacktrace]
#0 /app/www/vendor/laravel/framework/src/Illuminate/View/Engines/PhpEngine.php(59): Illuminate\\View\\Engines\\CompilerEngine->handleViewException()
#1 /app/www/vendor/laravel/framework/src/Illuminate/View/Engines/CompilerEngine.php(76): Illuminate\\View\\Engines\\PhpEngine->evaluatePath()
#2 /app/www/vendor/laravel/framework/src/Illuminate/View/View.php(208): Illuminate\\View\\Engines\\CompilerEngine->get()
#3 /app/www/vendor/laravel/framework/src/Illuminate/View/View.php(191): Illuminate\\View\\View->getContents()
#4 /app/www/vendor/laravel/framework/src/Illuminate/View/View.php(160): Illuminate\\View\\View->renderContents()
#5 /app/www/vendor/laravel/framework/src/Illuminate/Http/Response.php(78): Illuminate\\View\\View->render()
#6 /app/www/vendor/laravel/framework/src/Illuminate/Http/Response.php(34): Illuminate\\Http\\Response->setContent()
#7 /app/www/vendor/laravel/framework/src/Illuminate/Routing/ResponseFactory.php(61): Illuminate\\Http\\Response->__construct()
#8 /app/www/vendor/laravel/framework/src/Illuminate/Routing/ResponseFactory.php(91): Illuminate\\Routing\\ResponseFactory->make()
#9 /app/www/vendor/laravel/framework/src/Illuminate/Foundation/Exceptions/Handler.php(926): Illuminate\\Routing\\ResponseFactory->view()
#10 /app/www/vendor/laravel/framework/src/Illuminate/Foundation/Exceptions/Handler.php(847): Illuminate\\Foundation\\Exceptions\\Handler->renderHttpException()
#11 /app/www/vendor/laravel/framework/src/Illuminate/Foundation/Exceptions/Handler.php(738): Illuminate\\Foundation\\Exceptions\\Handler->prepareResponse()
#12 /app/www/vendor/laravel/framework/src/Illuminate/Foundation/Exceptions/Handler.php(626): Illuminate\\Foundation\\Exceptions\\Handler->renderExceptionResponse()
#13 /app/www/app/Exceptions/Handler.php(86): Illuminate\\Foundation\\Exceptions\\Handler->render()
#14 /app/www/vendor/laravel/framework/src/Illuminate/Routing/Pipeline.php(51): BookStack\\Exceptions\\Handler->render()
#15 /app/www/vendor/laravel/framework/src/Illuminate/Pipeline/Pipeline.php(224): Illuminate\\Routing\\Pipeline->handleException()
#16 /app/www/app/Http/Middleware/RunThemeActions.php(26): Illuminate\\Pipeline\\Pipeline->{closure:{closure:Illuminate\\Pipeline\\Pipeline::carry():194}:195}()
#17 /app/www/vendor/laravel/framework/src/Illuminate/Pipeline/Pipeline.php(219): BookStack\\Http\\Middleware\\RunThemeActions->handle()
#18 /app/www/app/Http/Middleware/CheckEmailConfirmed.php(47): Illuminate\\Pipeline\\Pipeline->{closure:{closure:Illuminate\\Pipeline\\Pipeline::carry():194}:195}()
#19 /app/www/vendor/laravel/framework/src/Illuminate/Pipeline/Pipeline.php(219): BookStack\\Http\\Middleware\\CheckEmailConfirmed->handle()
#20 /app/www/vendor/laravel/framework/src/Illuminate/Foundation/Http/Middleware/VerifyCsrfToken.php(87): Illuminate\\Pipeline\\Pipeline->{closure:{closure:Illuminate\\Pipeline\\Pipeline::carry():194}:195}()
#21 /app/www/vendor/laravel/framework/src/Illuminate/Pipeline/Pipeline.php(219): Illuminate\\Foundation\\Http\\Middleware\\VerifyCsrfToken->handle()
#22 /app/www/vendor/laravel/framework/src/Illuminate/View/Middleware/ShareErrorsFromSession.php(48): Illuminate\\Pipeline\\Pipeline->{closure:{closure:Illuminate\\Pipeline\\Pipeline::carry():194}:195}()
#23 /app/www/vendor/laravel/framework/src/Illuminate/Pipeline/Pipeline.php(219): Illuminate\\View\\Middleware\\ShareErrorsFromSession->handle()
#24 /app/www/vendor/laravel/framework/src/Illuminate/Session/Middleware/StartSession.php(120): Illuminate\\Pipeline\\Pipeline->{closure:{closure:Illuminate\\Pipeline\\Pipeline::carry():194}:195}()
#25 /app/www/vendor/laravel/framework/src/Illuminate/Session/Middleware/StartSession.php(63): Illuminate\\Session\\Middleware\\StartSession->handleStatefulRequest()
#26 /app/www/vendor/laravel/framework/src/Illuminate/Pipeline/Pipeline.php(219): Illuminate\\Session\\Middleware\\StartSession->handle()
#27 /app/www/vendor/laravel/framework/src/Illuminate/Cookie/Middleware/AddQueuedCookiesToResponse.php(36): Illuminate\\Pipeline\\Pipeline->{closure:{closure:Illuminate\\Pipeline\\Pipeline::carry():194}:195}()
#28 /app/www/vendor/laravel/framework/src/Illuminate/Pipeline/Pipeline.php(219): Illuminate\\Cookie\\Middleware\\AddQueuedCookiesToResponse->handle()
#29 /app/www/vendor/laravel/framework/src/Illuminate/Cookie/Middleware/EncryptCookies.php(74): Illuminate\\Pipeline\\Pipeline->{closure:{closure:Illuminate\\Pipeline\\Pipeline::carry():194}:195}()
#30 /app/www/vendor/laravel/framework/src/Illuminate/Pipeline/Pipeline.php(219): Illuminate\\Cookie\\Middleware\\EncryptCookies->handle()
#31 /app/www/app/Http/Middleware/ApplyCspRules.php(33): Illuminate\\Pipeline\\Pipeline->{closure:{closure:Illuminate\\Pipeline\\Pipeline::carry():194}:195}()
#32 /app/www/vendor/laravel/framework/src/Illuminate/Pipeline/Pipeline.php(219): BookStack\\Http\\Middleware\\ApplyCspRules->handle()
#33 /app/www/vendor/laravel/framework/src/Illuminate/Pipeline/Pipeline.php(137): Illuminate\\Pipeline\\Pipeline->{closure:{closure:Illuminate\\Pipeline\\Pipeline::carry():194}:195}()
#34 /app/www/vendor/laravel/framework/src/Illuminate/Routing/Router.php(821): Illuminate\\Pipeline\\Pipeline->then()
#35 /app/www/vendor/laravel/framework/src/Illuminate/Routing/Router.php(800): Illuminate\\Routing\\Router->runRouteWithinStack()
#36 /app/www/vendor/laravel/framework/src/Illuminate/Routing/Router.php(764): Illuminate\\Routing\\Router->runRoute()
#37 /app/www/vendor/laravel/framework/src/Illuminate/Routing/Router.php(753): Illuminate\\Routing\\Router->dispatchToRoute()
#38 /app/www/vendor/laravel/framework/src/Illuminate/Foundation/Http/Kernel.php(200): Illuminate\\Routing\\Router->dispatch()
#39 /app/www/vendor/laravel/framework/src/Illuminate/Pipeline/Pipeline.php(180): Illuminate\\Foundation\\Http\\Kernel->{closure:Illuminate\\Foundation\\Http\\Kernel::dispatchToRouter():197}()
#40 /app/www/app/Http/Middleware/PreventResponseCaching.php(28): Illuminate\\Pipeline\\Pipeline->{closure:Illuminate\\Pipeline\\Pipeline::prepareDestination():178}()
#41 /app/www/vendor/laravel/framework/src/Illuminate/Pipeline/Pipeline.php(219): BookStack\\Http\\Middleware\\PreventResponseCaching->handle()
#42 /app/www/vendor/laravel/framework/src/Illuminate/Http/Middleware/TrustProxies.php(58): Illuminate\\Pipeline\\Pipeline->{closure:{closure:Illuminate\\Pipeline\\Pipeline::carry():194}:195}()
#43 /app/www/app/Http/Middleware/TrustProxies.php(41): Illuminate\\Http\\Middleware\\TrustProxies->handle()
#44 /app/www/vendor/laravel/framework/src/Illuminate/Pipeline/Pipeline.php(219): BookStack\\Http\\Middleware\\TrustProxies->handle()
#45 /app/www/vendor/laravel/framework/src/Illuminate/Foundation/Http/Middleware/TransformsRequest.php(21): Illuminate\\Pipeline\\Pipeline->{closure:{closure:Illuminate\\Pipeline\\Pipeline::carry():194}:195}()
#46 /app/www/vendor/laravel/framework/src/Illuminate/Foundation/Http/Middleware/TrimStrings.php(51): Illuminate\\Foundation\\Http\\Middleware\\TransformsRequest->handle()
#47 /app/www/vendor/laravel/framework/src/Illuminate/Pipeline/Pipeline.php(219): Illuminate\\Foundation\\Http\\Middleware\\TrimStrings->handle()
#48 /app/www/vendor/laravel/framework/src/Illuminate/Http/Middleware/ValidatePostSize.php(27): Illuminate\\Pipeline\\Pipeline->{closure:{closure:Illuminate\\Pipeline\\Pipeline::carry():194}:195}()
#49 /app/www/vendor/laravel/framework/src/Illuminate/Pipeline/Pipeline.php(219): Illuminate\\Http\\Middleware\\ValidatePostSize->handle()
#50 /app/www/vendor/laravel/framework/src/Illuminate/Foundation/Http/Middleware/PreventRequestsDuringMaintenance.php(109): Illuminate\\Pipeline\\Pipeline->{closure:{closure:Illuminate\\Pipeline\\Pipeline::carry():194}:195}()
#51 /app/www/vendor/laravel/framework/src/Illuminate/Pipeline/Pipeline.php(219): Illuminate\\Foundation\\Http\\Middleware\\PreventRequestsDuringMaintenance->handle()
#52 /app/www/vendor/laravel/framework/src/Illuminate/Pipeline/Pipeline.php(137): Illuminate\\Pipeline\\Pipeline->{closure:{closure:Illuminate\\Pipeline\\Pipeline::carry():194}:195}()
#53 /app/www/vendor/laravel/framework/src/Illuminate/Foundation/Http/Kernel.php(175): Illuminate\\Pipeline\\Pipeline->then()
#54 /app/www/vendor/laravel/framework/src/Illuminate/Foundation/Http/Kernel.php(144): Illuminate\\Foundation\\Http\\Kernel->sendRequestThroughRouter()
#55 /app/www/public/index.php(23): Illuminate\\Foundation\\Http\\Kernel->handle()
#56 {main}

[previous exception] [object] (Illuminate\\View\\ViewException(code: 0): SQLSTATE[HY000] [1045] Access denied for user 'database_username'@'bookstack.openproject-docker_backend' (using password: YES) (Connection: mysql, SQL: select * from `users` where `system_name` = public limit 1) (View: /app/www/resources/views/layouts/base.blade.php) at /app/www/vendor/laravel/framework/src/Illuminate/Database/Connection.php:826)
[stacktrace]
#0 /app/www/vendor/laravel/framework/src/Illuminate/View/Engines/PhpEngine.php(59): Illuminate\\View\\Engines\\CompilerEngine->handleViewException()
#1 /app/www/vendor/laravel/framework/src/Illuminate/View/Engines/CompilerEngine.php(76): Illuminate\\View\\Engines\\PhpEngine->evaluatePath()
#2 /app/www/vendor/laravel/framework/src/Illuminate/View/View.php(208): Illuminate\\View\\Engines\\CompilerEngine->get()
#3 /app/www/vendor/laravel/framework/src/Illuminate/View/View.php(191): Illuminate\\View\\View->getContents()
#4 /app/www/vendor/laravel/framework/src/Illuminate/View/View.php(160): Illuminate\\View\\View->renderContents()
#5 /config/www/framework/views/8edb2153185ddcede0792056a029bbad.php(16): Illuminate\\View\\View->render()
#6 /app/www/vendor/laravel/framework/src/Illuminate/Filesystem/Filesystem.php(123): require('...')
#7 /app/www/vendor/laravel/framework/src/Illuminate/Filesystem/Filesystem.php(124): Illuminate\\Filesystem\\Filesystem::{closure:Illuminate\\Filesystem\\Filesystem::getRequire():120}()
#8 /app/www/vendor/laravel/framework/src/Illuminate/View/Engines/PhpEngine.php(57): Illuminate\\Filesystem\\Filesystem->getRequire()
#9 /app/www/vendor/laravel/framework/src/Illuminate/View/Engines/CompilerEngine.php(76): Illuminate\\View\\Engines\\PhpEngine->evaluatePath()
#10 /app/www/vendor/laravel/framework/src/Illuminate/View/View.php(208): Illuminate\\View\\Engines\\CompilerEngine->get()
#11 /app/www/vendor/laravel/framework/src/Illuminate/View/View.php(191): Illuminate\\View\\View->getContents()
#12 /app/www/vendor/laravel/framework/src/Illuminate/View/View.php(160): Illuminate\\View\\View->renderContents()
#13 /app/www/vendor/laravel/framework/src/Illuminate/Http/Response.php(78): Illuminate\\View\\View->render()
#14 /app/www/vendor/laravel/framework/src/Illuminate/Http/Response.php(34): Illuminate\\Http\\Response->setContent()
#15 /app/www/vendor/laravel/framework/src/Illuminate/Routing/ResponseFactory.php(61): Illuminate\\Http\\Response->__construct()
#16 /app/www/vendor/laravel/framework/src/Illuminate/Routing/ResponseFactory.php(91): Illuminate\\Routing\\ResponseFactory->make()
#17 /app/www/vendor/laravel/framework/src/Illuminate/Foundation/Exceptions/Handler.php(926): Illuminate\\Routing\\ResponseFactory->view()
#18 /app/www/vendor/laravel/framework/src/Illuminate/Foundation/Exceptions/Handler.php(847): Illuminate\\Foundation\\Exceptions\\Handler->renderHttpException()
#19 /app/www/vendor/laravel/framework/src/Illuminate/Foundation/Exceptions/Handler.php(738): Illuminate\\Foundation\\Exceptions\\Handler->prepareResponse()
#20 /app/www/vendor/laravel/framework/src/Illuminate/Foundation/Exceptions/Handler.php(626): Illuminate\\Foundation\\Exceptions\\Handler->renderExceptionResponse()
#21 /app/www/app/Exceptions/Handler.php(86): Illuminate\\Foundation\\Exceptions\\Handler->render()
#22 /app/www/vendor/laravel/framework/src/Illuminate/Routing/Pipeline.php(51): BookStack\\Exceptions\\Handler->render()
#23 /app/www/vendor/laravel/framework/src/Illuminate/Pipeline/Pipeline.php(224): Illuminate\\Routing\\Pipeline->handleException()
#24 /app/www/app/Http/Middleware/RunThemeActions.php(26): Illuminate\\Pipeline\\Pipeline->{closure:{closure:Illuminate\\Pipeline\\Pipeline::carry():194}:195}()
#25 /app/www/vendor/laravel/framework/src/Illuminate/Pipeline/Pipeline.php(219): BookStack\\Http\\Middleware\\RunThemeActions->handle()
#26 /app/www/app/Http/Middleware/CheckEmailConfirmed.php(47): Illuminate\\Pipeline\\Pipeline->{closure:{closure:Illuminate\\Pipeline\\Pipeline::carry():194}:195}()
#27 /app/www/vendor/laravel/framework/src/Illuminate/Pipeline/Pipeline.php(219): BookStack\\Http\\Middleware\\CheckEmailConfirmed->handle()
#28 /app/www/vendor/laravel/framework/src/Illuminate/Foundation/Http/Middleware/VerifyCsrfToken.php(87): Illuminate\\Pipeline\\Pipeline->{closure:{closure:Illuminate\\Pipeline\\Pipeline::carry():194}:195}()
#29 /app/www/vendor/laravel/framework/src/Illuminate/Pipeline/Pipeline.php(219): Illuminate\\Foundation\\Http\\Middleware\\VerifyCsrfToken->handle()
#30 /app/www/vendor/laravel/framework/src/Illuminate/View/Middleware/ShareErrorsFromSession.php(48): Illuminate\\Pipeline\\Pipeline->{closure:{closure:Illuminate\\Pipeline\\Pipeline::carry():194}:195}()
#31 /app/www/vendor/laravel/framework/src/Illuminate/Pipeline/Pipeline.php(219): Illuminate\\View\\Middleware\\ShareErrorsFromSession->handle()
#32 /app/www/vendor/laravel/framework/src/Illuminate/Session/Middleware/StartSession.php(120): Illuminate\\Pipeline\\Pipeline->{closure:{closure:Illuminate\\Pipeline\\Pipeline::carry():194}:195}()
#33 /app/www/vendor/laravel/framework/src/Illuminate/Session/Middleware/StartSession.php(63): Illuminate\\Session\\Middleware\\StartSession->handleStatefulRequest()
#34 /app/www/vendor/laravel/framework/src/Illuminate/Pipeline/Pipeline.php(219): Illuminate\\Session\\Middleware\\StartSession->handle()
#35 /app/www/vendor/laravel/framework/src/Illuminate/Cookie/Middleware/AddQueuedCookiesToResponse.php(36): Illuminate\\Pipeline\\Pipeline->{closure:{closure:Illuminate\\Pipeline\\Pipeline::carry():194}:195}()
#36 /app/www/vendor/laravel/framework/src/Illuminate/Pipeline/Pipeline.php(219): Illuminate\\Cookie\\Middleware\\AddQueuedCookiesToResponse->handle()
#37 /app/www/vendor/laravel/framework/src/Illuminate/Cookie/Middleware/EncryptCookies.php(74): Illuminate\\Pipeline\\Pipeline->{closure:{closure:Illuminate\\Pipeline\\Pipeline::carry():194}:195}()
#38 /app/www/vendor/laravel/framework/src/Illuminate/Pipeline/Pipeline.php(219): Illuminate\\Cookie\\Middleware\\EncryptCookies->handle()
#39 /app/www/app/Http/Middleware/ApplyCspRules.php(33): Illuminate\\Pipeline\\Pipeline->{closure:{closure:Illuminate\\Pipeline\\Pipeline::carry():194}:195}()
#40 /app/www/vendor/laravel/framework/src/Illuminate/Pipeline/Pipeline.php(219): BookStack\\Http\\Middleware\\ApplyCspRules->handle()
#41 /app/www/vendor/laravel/framework/src/Illuminate/Pipeline/Pipeline.php(137): Illuminate\\Pipeline\\Pipeline->{closure:{closure:Illuminate\\Pipeline\\Pipeline::carry():194}:195}()
#42 /app/www/vendor/laravel/framework/src/Illuminate/Routing/Router.php(821): Illuminate\\Pipeline\\Pipeline->then()
#43 /app/www/vendor/laravel/framework/src/Illuminate/Routing/Router.php(800): Illuminate\\Routing\\Router->runRouteWithinStack()
#44 /app/www/vendor/laravel/framework/src/Illuminate/Routing/Router.php(764): Illuminate\\Routing\\Router->runRoute()
#45 /app/www/vendor/laravel/framework/src/Illuminate/Routing/Router.php(753): Illuminate\\Routing\\Router->dispatchToRoute()
#46 /app/www/vendor/laravel/framework/src/Illuminate/Foundation/Http/Kernel.php(200): Illuminate\\Routing\\Router->dispatch()
#47 /app/www/vendor/laravel/framework/src/Illuminate/Pipeline/Pipeline.php(180): Illuminate\\Foundation\\Http\\Kernel->{closure:Illuminate\\Foundation\\Http\\Kernel::dispatchToRouter():197}()
#48 /app/www/app/Http/Middleware/PreventResponseCaching.php(28): Illuminate\\Pipeline\\Pipeline->{closure:Illuminate\\Pipeline\\Pipeline::prepareDestination():178}()
#49 /app/www/vendor/laravel/framework/src/Illuminate/Pipeline/Pipeline.php(219): BookStack\\Http\\Middleware\\PreventResponseCaching->handle()
#50 /app/www/vendor/laravel/framework/src/Illuminate/Http/Middleware/TrustProxies.php(58): Illuminate\\Pipeline\\Pipeline->{closure:{closure:Illuminate\\Pipeline\\Pipeline::carry():194}:195}()
#51 /app/www/app/Http/Middleware/TrustProxies.php(41): Illuminate\\Http\\Middleware\\TrustProxies->handle()
#52 /app/www/vendor/laravel/framework/src/Illuminate/Pipeline/Pipeline.php(219): BookStack\\Http\\Middleware\\TrustProxies->handle()
#53 /app/www/vendor/laravel/framework/src/Illuminate/Foundation/Http/Middleware/TransformsRequest.php(21): Illuminate\\Pipeline\\Pipeline->{closure:{closure:Illuminate\\Pipeline\\Pipeline::carry():194}:195}()
#54 /app/www/vendor/laravel/framework/src/Illuminate/Foundation/Http/Middleware/TrimStrings.php(51): Illuminate\\Foundation\\Http\\Middleware\\TransformsRequest->handle()
#55 /app/www/vendor/laravel/framework/src/Illuminate/Pipeline/Pipeline.php(219): Illuminate\\Foundation\\Http\\Middleware\\TrimStrings->handle()
#56 /app/www/vendor/laravel/framework/src/Illuminate/Http/Middleware/ValidatePostSize.php(27): Illuminate\\Pipeline\\Pipeline->{closure:{closure:Illuminate\\Pipeline\\Pipeline::carry():194}:195}()
#57 /app/www/vendor/laravel/framework/src/Illuminate/Pipeline/Pipeline.php(219): Illuminate\\Http\\Middleware\\ValidatePostSize->handle()
#58 /app/www/vendor/laravel/framework/src/Illuminate/Foundation/Http/Middleware/PreventRequestsDuringMaintenance.php(109): Illuminate\\Pipeline\\Pipeline->{closure:{closure:Illuminate\\Pipeline\\Pipeline::carry():194}:195}()
#59 /app/www/vendor/laravel/framework/src/Illuminate/Pipeline/Pipeline.php(219): Illuminate\\Foundation\\Http\\Middleware\\PreventRequestsDuringMaintenance->handle()
#60 /app/www/vendor/laravel/framework/src/Illuminate/Pipeline/Pipeline.php(137): Illuminate\\Pipeline\\Pipeline->{closure:{closure:Illuminate\\Pipeline\\Pipeline::carry():194}:195}()
#61 /app/www/vendor/laravel/framework/src/Illuminate/Foundation/Http/Kernel.php(175): Illuminate\\Pipeline\\Pipeline->then()
#62 /app/www/vendor/laravel/framework/src/Illuminate/Foundation/Http/Kernel.php(144): Illuminate\\Foundation\\Http\\Kernel->sendRequestThroughRouter()
#63 /app/www/public/index.php(23): Illuminate\\Foundation\\Http\\Kernel->handle()
#64 {main}

[previous exception] [object] (Illuminate\\Database\\QueryException(code: 1045): SQLSTATE[HY000] [1045] Access denied for user 'database_username'@'bookstack.openproject-docker_backend' (using password: YES) (Connection: mysql, SQL: select * from `users` where `system_name` = public limit 1) at /app/www/vendor/laravel/framework/src/Illuminate/Database/Connection.php:826)
[stacktrace]
#0 /app/www/vendor/laravel/framework/src/Illuminate/Database/Connection.php(980): Illuminate\\Database\\Connection->runQueryCallback()
#1 /app/www/vendor/laravel/framework/src/Illuminate/Database/Connection.php(959): Illuminate\\Database\\Connection->tryAgainIfCausedByLostConnection()
#2 /app/www/vendor/laravel/framework/src/Illuminate/Database/Connection.php(782): Illuminate\\Database\\Connection->handleQueryException()
#3 /app/www/vendor/laravel/framework/src/Illuminate/Database/Connection.php(397): Illuminate\\Database\\Connection->run()
#4 /app/www/vendor/laravel/framework/src/Illuminate/Database/Query/Builder.php(3188): Illuminate\\Database\\Connection->select()
#5 /app/www/vendor/laravel/framework/src/Illuminate/Database/Query/Builder.php(3173): Illuminate\\Database\\Query\\Builder->runSelect()
#6 /app/www/vendor/laravel/framework/src/Illuminate/Database/Query/Builder.php(3763): Illuminate\\Database\\Query\\Builder->{closure:Illuminate\\Database\\Query\\Builder::get():3172}()
#7 /app/www/vendor/laravel/framework/src/Illuminate/Database/Query/Builder.php(3172): Illuminate\\Database\\Query\\Builder->onceWithColumns()
#8 /app/www/vendor/laravel/framework/src/Illuminate/Database/Eloquent/Builder.php(902): Illuminate\\Database\\Query\\Builder->get()
#9 /app/www/vendor/laravel/framework/src/Illuminate/Database/Eloquent/Builder.php(884): Illuminate\\Database\\Eloquent\\Builder->getModels()
#10 /app/www/vendor/laravel/framework/src/Illuminate/Database/Concerns/BuildsQueries.php(366): Illuminate\\Database\\Eloquent\\Builder->get()
#11 /app/www/app/App/Providers/AuthServiceProvider.php(69): Illuminate\\Database\\Eloquent\\Builder->first()
#12 /app/www/vendor/laravel/framework/src/Illuminate/Container/Container.php(1125): BookStack\\App\\Providers\\AuthServiceProvider->{closure:BookStack\\App\\Providers\\AuthServiceProvider::register():68}()
#13 /app/www/vendor/laravel/framework/src/Illuminate/Container/Container.php(943): Illuminate\\Container\\Container->build()
#14 /app/www/vendor/laravel/framework/src/Illuminate/Foundation/Application.php(1078): Illuminate\\Container\\Container->resolve()
#15 /app/www/vendor/laravel/framework/src/Illuminate/Container/Container.php(874): Illuminate\\Foundation\\Application->resolve()
#16 /app/www/vendor/laravel/framework/src/Illuminate/Foundation/Application.php(1058): Illuminate\\Container\\Container->make()
#17 /app/www/app/Users/Models/User.php(98): Illuminate\\Foundation\\Application->make()
#18 /app/www/app/App/helpers.php(36): BookStack\\Users\\Models\\User::getGuest()
#19 /app/www/app/Settings/SettingService.php(62): user()
#20 /config/www/framework/views/d061b6d848142ba4a74aeb2c03a75cf4.php(4): BookStack\\Settings\\SettingService->getForCurrentUser()
#21 /app/www/vendor/laravel/framework/src/Illuminate/Filesystem/Filesystem.php(123): require('...')
#22 /app/www/vendor/laravel/framework/src/Illuminate/Filesystem/Filesystem.php(124): Illuminate\\Filesystem\\Filesystem::{closure:Illuminate\\Filesystem\\Filesystem::getRequire():120}()
#23 /app/www/vendor/laravel/framework/src/Illuminate/View/Engines/PhpEngine.php(57): Illuminate\\Filesystem\\Filesystem->getRequire()
#24 /app/www/vendor/laravel/framework/src/Illuminate/View/Engines/CompilerEngine.php(76): Illuminate\\View\\Engines\\PhpEngine->evaluatePath()
#25 /app/www/vendor/laravel/framework/src/Illuminate/View/View.php(208): Illuminate\\View\\Engines\\CompilerEngine->get()
#26 /app/www/vendor/laravel/framework/src/Illuminate/View/View.php(191): Illuminate\\View\\View->getContents()
#27 /app/www/vendor/laravel/framework/src/Illuminate/View/View.php(160): Illuminate\\View\\View->renderContents()
#28 /config/www/framework/views/8edb2153185ddcede0792056a029bbad.php(16): Illuminate\\View\\View->render()
#29 /app/www/vendor/laravel/framework/src/Illuminate/Filesystem/Filesystem.php(123): require('...')
#30 /app/www/vendor/laravel/framework/src/Illuminate/Filesystem/Filesystem.php(124): Illuminate\\Filesystem\\Filesystem::{closure:Illuminate\\Filesystem\\Filesystem::getRequire():120}()
#31 /app/www/vendor/laravel/framework/src/Illuminate/View/Engines/PhpEngine.php(57): Illuminate\\Filesystem\\Filesystem->getRequire()
#32 /app/www/vendor/laravel/framework/src/Illuminate/View/Engines/CompilerEngine.php(76): Illuminate\\View\\Engines\\PhpEngine->evaluatePath()
#33 /app/www/vendor/laravel/framework/src/Illuminate/View/View.php(208): Illuminate\\View\\Engines\\CompilerEngine->get()
#34 /app/www/vendor/laravel/framework/src/Illuminate/View/View.php(191): Illuminate\\View\\View->getContents()
#35 /app/www/vendor/laravel/framework/src/Illuminate/View/View.php(160): Illuminate\\View\\View->renderContents()
#36 /app/www/vendor/laravel/framework/src/Illuminate/Http/Response.php(78): Illuminate\\View\\View->render()
#37 /app/www/vendor/laravel/framework/src/Illuminate/Http/Response.php(34): Illuminate\\Http\\Response->setContent()
#38 /app/www/vendor/laravel/framework/src/Illuminate/Routing/ResponseFactory.php(61): Illuminate\\Http\\Response->__construct()
#39 /app/www/vendor/laravel/framework/src/Illuminate/Routing/ResponseFactory.php(91): Illuminate\\Routing\\ResponseFactory->make()
#40 /app/www/vendor/laravel/framework/src/Illuminate/Foundation/Exceptions/Handler.php(926): Illuminate\\Routing\\ResponseFactory->view()
#41 /app/www/vendor/laravel/framework/src/Illuminate/Foundation/Exceptions/Handler.php(847): Illuminate\\Foundation\\Exceptions\\Handler->renderHttpException()
#42 /app/www/vendor/laravel/framework/src/Illuminate/Foundation/Exceptions/Handler.php(738): Illuminate\\Foundation\\Exceptions\\Handler->prepareResponse()
#43 /app/www/vendor/laravel/framework/src/Illuminate/Foundation/Exceptions/Handler.php(626): Illuminate\\Foundation\\Exceptions\\Handler->renderExceptionResponse()
#44 /app/www/app/Exceptions/Handler.php(86): Illuminate\\Foundation\\Exceptions\\Handler->render()
#45 /app/www/vendor/laravel/framework/src/Illuminate/Routing/Pipeline.php(51): BookStack\\Exceptions\\Handler->render()
#46 /app/www/vendor/laravel/framework/src/Illuminate/Pipeline/Pipeline.php(224): Illuminate\\Routing\\Pipeline->handleException()
#47 /app/www/app/Http/Middleware/RunThemeActions.php(26): Illuminate\\Pipeline\\Pipeline->{closure:{closure:Illuminate\\Pipeline\\Pipeline::carry():194}:195}()
#48 /app/www/vendor/laravel/framework/src/Illuminate/Pipeline/Pipeline.php(219): BookStack\\Http\\Middleware\\RunThemeActions->handle()
#49 /app/www/app/Http/Middleware/CheckEmailConfirmed.php(47): Illuminate\\Pipeline\\Pipeline->{closure:{closure:Illuminate\\Pipeline\\Pipeline::carry():194}:195}()
#50 /app/www/vendor/laravel/framework/src/Illuminate/Pipeline/Pipeline.php(219): BookStack\\Http\\Middleware\\CheckEmailConfirmed->handle()
#51 /app/www/vendor/laravel/framework/src/Illuminate/Foundation/Http/Middleware/VerifyCsrfToken.php(87): Illuminate\\Pipeline\\Pipeline->{closure:{closure:Illuminate\\Pipeline\\Pipeline::carry():194}:195}()
#52 /app/www/vendor/laravel/framework/src/Illuminate/Pipeline/Pipeline.php(219): Illuminate\\Foundation\\Http\\Middleware\\VerifyCsrfToken->handle()
#53 /app/www/vendor/laravel/framework/src/Illuminate/View/Middleware/ShareErrorsFromSession.php(48): Illuminate\\Pipeline\\Pipeline->{closure:{closure:Illuminate\\Pipeline\\Pipeline::carry():194}:195}()
#54 /app/www/vendor/laravel/framework/src/Illuminate/Pipeline/Pipeline.php(219): Illuminate\\View\\Middleware\\ShareErrorsFromSession->handle()
#55 /app/www/vendor/laravel/framework/src/Illuminate/Session/Middleware/StartSession.php(120): Illuminate\\Pipeline\\Pipeline->{closure:{closure:Illuminate\\Pipeline\\Pipeline::carry():194}:195}()
#56 /app/www/vendor/laravel/framework/src/Illuminate/Session/Middleware/StartSession.php(63): Illuminate\\Session\\Middleware\\StartSession->handleStatefulRequest()
#57 /app/www/vendor/laravel/framework/src/Illuminate/Pipeline/Pipeline.php(219): Illuminate\\Session\\Middleware\\StartSession->handle()
#58 /app/www/vendor/laravel/framework/src/Illuminate/Cookie/Middleware/AddQueuedCookiesToResponse.php(36): Illuminate\\Pipeline\\Pipeline->{closure:{closure:Illuminate\\Pipeline\\Pipeline::carry():194}:195}()
#59 /app/www/vendor/laravel/framework/src/Illuminate/Pipeline/Pipeline.php(219): Illuminate\\Cookie\\Middleware\\AddQueuedCookiesToResponse->handle()
#60 /app/www/vendor/laravel/framework/src/Illuminate/Cookie/Middleware/EncryptCookies.php(74): Illuminate\\Pipeline\\Pipeline->{closure:{closure:Illuminate\\Pipeline\\Pipeline::carry():194}:195}()
#61 /app/www/vendor/laravel/framework/src/Illuminate/Pipeline/Pipeline.php(219): Illuminate\\Cookie\\Middleware\\EncryptCookies->handle()
#62 /app/www/app/Http/Middleware/ApplyCspRules.php(33): Illuminate\\Pipeline\\Pipeline->{closure:{closure:Illuminate\\Pipeline\\Pipeline::carry():194}:195}()
#63 /app/www/vendor/laravel/framework/src/Illuminate/Pipeline/Pipeline.php(219): BookStack\\Http\\Middleware\\ApplyCspRules->handle()
#64 /app/www/vendor/laravel/framework/src/Illuminate/Pipeline/Pipeline.php(137): Illuminate\\Pipeline\\Pipeline->{closure:{closure:Illuminate\\Pipeline\\Pipeline::carry():194}:195}()
#65 /app/www/vendor/laravel/framework/src/Illuminate/Routing/Router.php(821): Illuminate\\Pipeline\\Pipeline->then()
#66 /app/www/vendor/laravel/framework/src/Illuminate/Routing/Router.php(800): Illuminate\\Routing\\Router->runRouteWithinStack()
#67 /app/www/vendor/laravel/framework/src/Illuminate/Routing/Router.php(764): Illuminate\\Routing\\Router->runRoute()
#68 /app/www/vendor/laravel/framework/src/Illuminate/Routing/Router.php(753): Illuminate\\Routing\\Router->dispatchToRoute()
#69 /app/www/vendor/laravel/framework/src/Illuminate/Foundation/Http/Kernel.php(200): Illuminate\\Routing\\Router->dispatch()
#70 /app/www/vendor/laravel/framework/src/Illuminate/Pipeline/Pipeline.php(180): Illuminate\\Foundation\\Http\\Kernel->{closure:Illuminate\\Foundation\\Http\\Kernel::dispatchToRouter():197}()
#71 /app/www/app/Http/Middleware/PreventResponseCaching.php(28): Illuminate\\Pipeline\\Pipeline->{closure:Illuminate\\Pipeline\\Pipeline::prepareDestination():178}()
#72 /app/www/vendor/laravel/framework/src/Illuminate/Pipeline/Pipeline.php(219): BookStack\\Http\\Middleware\\PreventResponseCaching->handle()
#73 /app/www/vendor/laravel/framework/src/Illuminate/Http/Middleware/TrustProxies.php(58): Illuminate\\Pipeline\\Pipeline->{closure:{closure:Illuminate\\Pipeline\\Pipeline::carry():194}:195}()
#74 /app/www/app/Http/Middleware/TrustProxies.php(41): Illuminate\\Http\\Middleware\\TrustProxies->handle()
#75 /app/www/vendor/laravel/framework/src/Illuminate/Pipeline/Pipeline.php(219): BookStack\\Http\\Middleware\\TrustProxies->handle()
#76 /app/www/vendor/laravel/framework/src/Illuminate/Foundation/Http/Middleware/TransformsRequest.php(21): Illuminate\\Pipeline\\Pipeline->{closure:{closure:Illuminate\\Pipeline\\Pipeline::carry():194}:195}()
#77 /app/www/vendor/laravel/framework/src/Illuminate/Foundation/Http/Middleware/TrimStrings.php(51): Illuminate\\Foundation\\Http\\Middleware\\TransformsRequest->handle()
#78 /app/www/vendor/laravel/framework/src/Illuminate/Pipeline/Pipeline.php(219): Illuminate\\Foundation\\Http\\Middleware\\TrimStrings->handle()
#79 /app/www/vendor/laravel/framework/src/Illuminate/Http/Middleware/ValidatePostSize.php(27): Illuminate\\Pipeline\\Pipeline->{closure:{closure:Illuminate\\Pipeline\\Pipeline::carry():194}:195}()
#80 /app/www/vendor/laravel/framework/src/Illuminate/Pipeline/Pipeline.php(219): Illuminate\\Http\\Middleware\\ValidatePostSize->handle()
#81 /app/www/vendor/laravel/framework/src/Illuminate/Foundation/Http/Middleware/PreventRequestsDuringMaintenance.php(109): Illuminate\\Pipeline\\Pipeline->{closure:{closure:Illuminate\\Pipeline\\Pipeline::carry():194}:195}()
#82 /app/www/vendor/laravel/framework/src/Illuminate/Pipeline/Pipeline.php(219): Illuminate\\Foundation\\Http\\Middleware\\PreventRequestsDuringMaintenance->handle()
#83 /app/www/vendor/laravel/framework/src/Illuminate/Pipeline/Pipeline.php(137): Illuminate\\Pipeline\\Pipeline->{closure:{closure:Illuminate\\Pipeline\\Pipeline::carry():194}:195}()
#84 /app/www/vendor/laravel/framework/src/Illuminate/Foundation/Http/Kernel.php(175): Illuminate\\Pipeline\\Pipeline->then()
#85 /app/www/vendor/laravel/framework/src/Illuminate/Foundation/Http/Kernel.php(144): Illuminate\\Foundation\\Http\\Kernel->sendRequestThroughRouter()
#86 /app/www/public/index.php(23): Illuminate\\Foundation\\Http\\Kernel->handle()
#87 {main}

[previous exception] [object] (PDOException(code: 1045): SQLSTATE[HY000] [1045] Access denied for user 'database_username'@'bookstack.openproject-docker_backend' (using password: YES) at /app/www/vendor/laravel/framework/src/Illuminate/Database/Connectors/Connector.php:67)
[stacktrace]
#0 /app/www/vendor/laravel/framework/src/Illuminate/Database/Connectors/Connector.php(67): PDO::connect()
#1 /app/www/vendor/laravel/framework/src/Illuminate/Database/Connectors/Connector.php(85): Illuminate\\Database\\Connectors\\Connector->createPdoConnection()
#2 /app/www/vendor/laravel/framework/src/Illuminate/Database/Connectors/Connector.php(48): Illuminate\\Database\\Connectors\\Connector->tryAgainIfCausedByLostConnection()
#3 /app/www/vendor/laravel/framework/src/Illuminate/Database/Connectors/MySqlConnector.php(24): Illuminate\\Database\\Connectors\\Connector->createConnection()
#4 /app/www/vendor/laravel/framework/src/Illuminate/Database/Connectors/ConnectionFactory.php(184): Illuminate\\Database\\Connectors\\MySqlConnector->connect()
#5 [internal function]: Illuminate\\Database\\Connectors\\ConnectionFactory->{closure:Illuminate\\Database\\Connectors\\ConnectionFactory::createPdoResolverWithHosts():179}()
#6 /app/www/vendor/laravel/framework/src/Illuminate/Database/Connection.php(1236): call_user_func()
#7 /app/www/vendor/laravel/framework/src/Illuminate/Database/Connection.php(1272): Illuminate\\Database\\Connection->getPdo()
#8 /app/www/vendor/laravel/framework/src/Illuminate/Database/Connection.php(511): Illuminate\\Database\\Connection->getReadPdo()
#9 /app/www/vendor/laravel/framework/src/Illuminate/Database/Connection.php(406): Illuminate\\Database\\Connection->getPdoForSelect()
#10 /app/www/vendor/laravel/framework/src/Illuminate/Database/Connection.php(813): Illuminate\\Database\\Connection->{closure:Illuminate\\Database\\Connection::select():397}()
#11 /app/www/vendor/laravel/framework/src/Illuminate/Database/Connection.php(980): Illuminate\\Database\\Connection->runQueryCallback()
#12 /app/www/vendor/laravel/framework/src/Illuminate/Database/Connection.php(959): Illuminate\\Database\\Connection->tryAgainIfCausedByLostConnection()
#13 /app/www/vendor/laravel/framework/src/Illuminate/Database/Connection.php(782): Illuminate\\Database\\Connection->handleQueryException()
#14 /app/www/vendor/laravel/framework/src/Illuminate/Database/Connection.php(397): Illuminate\\Database\\Connection->run()
#15 /app/www/vendor/laravel/framework/src/Illuminate/Database/Query/Builder.php(3188): Illuminate\\Database\\Connection->select()
#16 /app/www/vendor/laravel/framework/src/Illuminate/Database/Query/Builder.php(3173): Illuminate\\Database\\Query\\Builder->runSelect()
#17 /app/www/vendor/laravel/framework/src/Illuminate/Database/Query/Builder.php(3763): Illuminate\\Database\\Query\\Builder->{closure:Illuminate\\Database\\Query\\Builder::get():3172}()
#18 /app/www/vendor/laravel/framework/src/Illuminate/Database/Query/Builder.php(3172): Illuminate\\Database\\Query\\Builder->onceWithColumns()
#19 /app/www/vendor/laravel/framework/src/Illuminate/Database/Eloquent/Builder.php(902): Illuminate\\Database\\Query\\Builder->get()
#20 /app/www/vendor/laravel/framework/src/Illuminate/Database/Eloquent/Builder.php(884): Illuminate\\Database\\Eloquent\\Builder->getModels()
#21 /app/www/vendor/laravel/framework/src/Illuminate/Database/Concerns/BuildsQueries.php(366): Illuminate\\Database\\Eloquent\\Builder->get()
#22 /app/www/app/App/Providers/AuthServiceProvider.php(69): Illuminate\\Database\\Eloquent\\Builder->first()
#23 /app/www/vendor/laravel/framework/src/Illuminate/Container/Container.php(1125): BookStack\\App\\Providers\\AuthServiceProvider->{closure:BookStack\\App\\Providers\\AuthServiceProvider::register():68}()
#24 /app/www/vendor/laravel/framework/src/Illuminate/Container/Container.php(943): Illuminate\\Container\\Container->build()
#25 /app/www/vendor/laravel/framework/src/Illuminate/Foundation/Application.php(1078): Illuminate\\Container\\Container->resolve()
#26 /app/www/vendor/laravel/framework/src/Illuminate/Container/Container.php(874): Illuminate\\Foundation\\Application->resolve()
#27 /app/www/vendor/laravel/framework/src/Illuminate/Foundation/Application.php(1058): Illuminate\\Container\\Container->make()
#28 /app/www/app/Users/Models/User.php(98): Illuminate\\Foundation\\Application->make()
#29 /app/www/app/App/helpers.php(36): BookStack\\Users\\Models\\User::getGuest()
#30 /app/www/app/Settings/SettingService.php(62): user()
#31 /config/www/framework/views/d061b6d848142ba4a74aeb2c03a75cf4.php(4): BookStack\\Settings\\SettingService->getForCurrentUser()
#32 /app/www/vendor/laravel/framework/src/Illuminate/Filesystem/Filesystem.php(123): require('...')
#33 /app/www/vendor/laravel/framework/src/Illuminate/Filesystem/Filesystem.php(124): Illuminate\\Filesystem\\Filesystem::{closure:Illuminate\\Filesystem\\Filesystem::getRequire():120}()
#34 /app/www/vendor/laravel/framework/src/Illuminate/View/Engines/PhpEngine.php(57): Illuminate\\Filesystem\\Filesystem->getRequire()
#35 /app/www/vendor/laravel/framework/src/Illuminate/View/Engines/CompilerEngine.php(76): Illuminate\\View\\Engines\\PhpEngine->evaluatePath()
#36 /app/www/vendor/laravel/framework/src/Illuminate/View/View.php(208): Illuminate\\View\\Engines\\CompilerEngine->get()
#37 /app/www/vendor/laravel/framework/src/Illuminate/View/View.php(191): Illuminate\\View\\View->getContents()
#38 /app/www/vendor/laravel/framework/src/Illuminate/View/View.php(160): Illuminate\\View\\View->renderContents()
#39 /config/www/framework/views/8edb2153185ddcede0792056a029bbad.php(16): Illuminate\\View\\View->render()
#40 /app/www/vendor/laravel/framework/src/Illuminate/Filesystem/Filesystem.php(123): require('...')
#41 /app/www/vendor/laravel/framework/src/Illuminate/Filesystem/Filesystem.php(124): Illuminate\\Filesystem\\Filesystem::{closure:Illuminate\\Filesystem\\Filesystem::getRequire():120}()
#42 /app/www/vendor/laravel/framework/src/Illuminate/View/Engines/PhpEngine.php(57): Illuminate\\Filesystem\\Filesystem->getRequire()
#43 /app/www/vendor/laravel/framework/src/Illuminate/View/Engines/CompilerEngine.php(76): Illuminate\\View\\Engines\\PhpEngine->evaluatePath()
#44 /app/www/vendor/laravel/framework/src/Illuminate/View/View.php(208): Illuminate\\View\\Engines\\CompilerEngine->get()
#45 /app/www/vendor/laravel/framework/src/Illuminate/View/View.php(191): Illuminate\\View\\View->getContents()
#46 /app/www/vendor/laravel/framework/src/Illuminate/View/View.php(160): Illuminate\\View\\View->renderContents()
#47 /app/www/vendor/laravel/framework/src/Illuminate/Http/Response.php(78): Illuminate\\View\\View->render()
#48 /app/www/vendor/laravel/framework/src/Illuminate/Http/Response.php(34): Illuminate\\Http\\Response->setContent()
#49 /app/www/vendor/laravel/framework/src/Illuminate/Routing/ResponseFactory.php(61): Illuminate\\Http\\Response->__construct()
#50 /app/www/vendor/laravel/framework/src/Illuminate/Routing/ResponseFactory.php(91): Illuminate\\Routing\\ResponseFactory->make()
#51 /app/www/vendor/laravel/framework/src/Illuminate/Foundation/Exceptions/Handler.php(926): Illuminate\\Routing\\ResponseFactory->view()
#52 /app/www/vendor/laravel/framework/src/Illuminate/Foundation/Exceptions/Handler.php(847): Illuminate\\Foundation\\Exceptions\\Handler->renderHttpException()
#53 /app/www/vendor/laravel/framework/src/Illuminate/Foundation/Exceptions/Handler.php(738): Illuminate\\Foundation\\Exceptions\\Handler->prepareResponse()
#54 /app/www/vendor/laravel/framework/src/Illuminate/Foundation/Exceptions/Handler.php(626): Illuminate\\Foundation\\Exceptions\\Handler->renderExceptionResponse()
#55 /app/www/app/Exceptions/Handler.php(86): Illuminate\\Foundation\\Exceptions\\Handler->render()
#56 /app/www/vendor/laravel/framework/src/Illuminate/Routing/Pipeline.php(51): BookStack\\Exceptions\\Handler->render()
#57 /app/www/vendor/laravel/framework/src/Illuminate/Pipeline/Pipeline.php(224): Illuminate\\Routing\\Pipeline->handleException()
#58 /app/www/app/Http/Middleware/RunThemeActions.php(26): Illuminate\\Pipeline\\Pipeline->{closure:{closure:Illuminate\\Pipeline\\Pipeline::carry():194}:195}()
#59 /app/www/vendor/laravel/framework/src/Illuminate/Pipeline/Pipeline.php(219): BookStack\\Http\\Middleware\\RunThemeActions->handle()
#60 /app/www/app/Http/Middleware/CheckEmailConfirmed.php(47): Illuminate\\Pipeline\\Pipeline->{closure:{closure:Illuminate\\Pipeline\\Pipeline::carry():194}:195}()
#61 /app/www/vendor/laravel/framework/src/Illuminate/Pipeline/Pipeline.php(219): BookStack\\Http\\Middleware\\CheckEmailConfirmed->handle()
#62 /app/www/vendor/laravel/framework/src/Illuminate/Foundation/Http/Middleware/VerifyCsrfToken.php(87): Illuminate\\Pipeline\\Pipeline->{closure:{closure:Illuminate\\Pipeline\\Pipeline::carry():194}:195}()
#63 /app/www/vendor/laravel/framework/src/Illuminate/Pipeline/Pipeline.php(219): Illuminate\\Foundation\\Http\\Middleware\\VerifyCsrfToken->handle()
#64 /app/www/vendor/laravel/framework/src/Illuminate/View/Middleware/ShareErrorsFromSession.php(48): Illuminate\\Pipeline\\Pipeline->{closure:{closure:Illuminate\\Pipeline\\Pipeline::carry():194}:195}()
#65 /app/www/vendor/laravel/framework/src/Illuminate/Pipeline/Pipeline.php(219): Illuminate\\View\\Middleware\\ShareErrorsFromSession->handle()
#66 /app/www/vendor/laravel/framework/src/Illuminate/Session/Middleware/StartSession.php(120): Illuminate\\Pipeline\\Pipeline->{closure:{closure:Illuminate\\Pipeline\\Pipeline::carry():194}:195}()
#67 /app/www/vendor/laravel/framework/src/Illuminate/Session/Middleware/StartSession.php(63): Illuminate\\Session\\Middleware\\StartSession->handleStatefulRequest()
#68 /app/www/vendor/laravel/framework/src/Illuminate/Pipeline/Pipeline.php(219): Illuminate\\Session\\Middleware\\StartSession->handle()
#69 /app/www/vendor/laravel/framework/src/Illuminate/Cookie/Middleware/AddQueuedCookiesToResponse.php(36): Illuminate\\Pipeline\\Pipeline->{closure:{closure:Illuminate\\Pipeline\\Pipeline::carry():194}:195}()
#70 /app/www/vendor/laravel/framework/src/Illuminate/Pipeline/Pipeline.php(219): Illuminate\\Cookie\\Middleware\\AddQueuedCookiesToResponse->handle()
#71 /app/www/vendor/laravel/framework/src/Illuminate/Cookie/Middleware/EncryptCookies.php(74): Illuminate\\Pipeline\\Pipeline->{closure:{closure:Illuminate\\Pipeline\\Pipeline::carry():194}:195}()
#72 /app/www/vendor/laravel/framework/src/Illuminate/Pipeline/Pipeline.php(219): Illuminate\\Cookie\\Middleware\\EncryptCookies->handle()
#73 /app/www/app/Http/Middleware/ApplyCspRules.php(33): Illuminate\\Pipeline\\Pipeline->{closure:{closure:Illuminate\\Pipeline\\Pipeline::carry():194}:195}()
#74 /app/www/vendor/laravel/framework/src/Illuminate/Pipeline/Pipeline.php(219): BookStack\\Http\\Middleware\\ApplyCspRules->handle()
#75 /app/www/vendor/laravel/framework/src/Illuminate/Pipeline/Pipeline.php(137): Illuminate\\Pipeline\\Pipeline->{closure:{closure:Illuminate\\Pipeline\\Pipeline::carry():194}:195}()
#76 /app/www/vendor/laravel/framework/src/Illuminate/Routing/Router.php(821): Illuminate\\Pipeline\\Pipeline->then()
#77 /app/www/vendor/laravel/framework/src/Illuminate/Routing/Router.php(800): Illuminate\\Routing\\Router->runRouteWithinStack()
#78 /app/www/vendor/laravel/framework/src/Illuminate/Routing/Router.php(764): Illuminate\\Routing\\Router->runRoute()
#79 /app/www/vendor/laravel/framework/src/Illuminate/Routing/Router.php(753): Illuminate\\Routing\\Router->dispatchToRoute()
#80 /app/www/vendor/laravel/framework/src/Illuminate/Foundation/Http/Kernel.php(200): Illuminate\\Routing\\Router->dispatch()
#81 /app/www/vendor/laravel/framework/src/Illuminate/Pipeline/Pipeline.php(180): Illuminate\\Foundation\\Http\\Kernel->{closure:Illuminate\\Foundation\\Http\\Kernel::dispatchToRouter():197}()
#82 /app/www/app/Http/Middleware/PreventResponseCaching.php(28): Illuminate\\Pipeline\\Pipeline->{closure:Illuminate\\Pipeline\\Pipeline::prepareDestination():178}()
#83 /app/www/vendor/laravel/framework/src/Illuminate/Pipeline/Pipeline.php(219): BookStack\\Http\\Middleware\\PreventResponseCaching->handle()
#84 /app/www/vendor/laravel/framework/src/Illuminate/Http/Middleware/TrustProxies.php(58): Illuminate\\Pipeline\\Pipeline->{closure:{closure:Illuminate\\Pipeline\\Pipeline::carry():194}:195}()
#85 /app/www/app/Http/Middleware/TrustProxies.php(41): Illuminate\\Http\\Middleware\\TrustProxies->handle()
#86 /app/www/vendor/laravel/framework/src/Illuminate/Pipeline/Pipeline.php(219): BookStack\\Http\\Middleware\\TrustProxies->handle()
#87 /app/www/vendor/laravel/framework/src/Illuminate/Foundation/Http/Middleware/TransformsRequest.php(21): Illuminate\\Pipeline\\Pipeline->{closure:{closure:Illuminate\\Pipeline\\Pipeline::carry():194}:195}()
#88 /app/www/vendor/laravel/framework/src/Illuminate/Foundation/Http/Middleware/TrimStrings.php(51): Illuminate\\Foundation\\Http\\Middleware\\TransformsRequest->handle()
#89 /app/www/vendor/laravel/framework/src/Illuminate/Pipeline/Pipeline.php(219): Illuminate\\Foundation\\Http\\Middleware\\TrimStrings->handle()
#90 /app/www/vendor/laravel/framework/src/Illuminate/Http/Middleware/ValidatePostSize.php(27): Illuminate\\Pipeline\\Pipeline->{closure:{closure:Illuminate\\Pipeline\\Pipeline::carry():194}:195}()
#91 /app/www/vendor/laravel/framework/src/Illuminate/Pipeline/Pipeline.php(219): Illuminate\\Http\\Middleware\\ValidatePostSize->handle()
#92 /app/www/vendor/laravel/framework/src/Illuminate/Foundation/Http/Middleware/PreventRequestsDuringMaintenance.php(109): Illuminate\\Pipeline\\Pipeline->{closure:{closure:Illuminate\\Pipeline\\Pipeline::carry():194}:195}()
#93 /app/www/vendor/laravel/framework/src/Illuminate/Pipeline/Pipeline.php(219): Illuminate\\Foundation\\Http\\Middleware\\PreventRequestsDuringMaintenance->handle()
#94 /app/www/vendor/laravel/framework/src/Illuminate/Pipeline/Pipeline.php(137): Illuminate\\Pipeline\\Pipeline->{closure:{closure:Illuminate\\Pipeline\\Pipeline::carry():194}:195}()
#95 /app/www/vendor/laravel/framework/src/Illuminate/Foundation/Http/Kernel.php(175): Illuminate\\Pipeline\\Pipeline->then()
#96 /app/www/vendor/laravel/framework/src/Illuminate/Foundation/Http/Kernel.php(144): Illuminate\\Foundation\\Http\\Kernel->sendRequestThroughRouter()
#97 /app/www/public/index.php(23): Illuminate\\Foundation\\Http\\Kernel->handle()
#98 {main}
"} 
[2025-12-04 21:50:57] production.ERROR: SQLSTATE[HY000] [1045] Access denied for user 'database_username'@'bookstack.openproject-docker_backend' (using password: YES) (Connection: mysql, SQL: select * from `users` where `system_name` = public limit 1) {"exception":"[object] (Illuminate\\Database\\QueryException(code: 1045): SQLSTATE[HY000] [1045] Access denied for user 'database_username'@'bookstack.openproject-docker_backend' (using password: YES) (Connection: mysql, SQL: select * from `users` where `system_name` = public limit 1) at /app/www/vendor/laravel/framework/src/Illuminate/Database/Connection.php:826)
[stacktrace]
#0 /app/www/vendor/laravel/framework/src/Illuminate/Database/Connection.php(980): Illuminate\\Database\\Connection->runQueryCallback()
#1 /app/www/vendor/laravel/framework/src/Illuminate/Database/Connection.php(959): Illuminate\\Database\\Connection->tryAgainIfCausedByLostConnection()
#2 /app/www/vendor/laravel/framework/src/Illuminate/Database/Connection.php(782): Illuminate\\Database\\Connection->handleQueryException()
#3 /app/www/vendor/laravel/framework/src/Illuminate/Database/Connection.php(397): Illuminate\\Database\\Connection->run()
#4 /app/www/vendor/laravel/framework/src/Illuminate/Database/Query/Builder.php(3188): Illuminate\\Database\\Connection->select()
#5 /app/www/vendor/laravel/framework/src/Illuminate/Database/Query/Builder.php(3173): Illuminate\\Database\\Query\\Builder->runSelect()
#6 /app/www/vendor/laravel/framework/src/Illuminate/Database/Query/Builder.php(3763): Illuminate\\Database\\Query\\Builder->{closure:Illuminate\\Database\\Query\\Builder::get():3172}()
#7 /app/www/vendor/laravel/framework/src/Illuminate/Database/Query/Builder.php(3172): Illuminate\\Database\\Query\\Builder->onceWithColumns()
#8 /app/www/vendor/laravel/framework/src/Illuminate/Database/Eloquent/Builder.php(902): Illuminate\\Database\\Query\\Builder->get()
#9 /app/www/vendor/laravel/framework/src/Illuminate/Database/Eloquent/Builder.php(884): Illuminate\\Database\\Eloquent\\Builder->getModels()
#10 /app/www/vendor/laravel/framework/src/Illuminate/Database/Concerns/BuildsQueries.php(366): Illuminate\\Database\\Eloquent\\Builder->get()
#11 /app/www/app/App/Providers/AuthServiceProvider.php(69): Illuminate\\Database\\Eloquent\\Builder->first()
#12 /app/www/vendor/laravel/framework/src/Illuminate/Container/Container.php(1125): BookStack\\App\\Providers\\AuthServiceProvider->{closure:BookStack\\App\\Providers\\AuthServiceProvider::register():68}()
#13 /app/www/vendor/laravel/framework/src/Illuminate/Container/Container.php(943): Illuminate\\Container\\Container->build()
#14 /app/www/vendor/laravel/framework/src/Illuminate/Foundation/Application.php(1078): Illuminate\\Container\\Container->resolve()
#15 /app/www/vendor/laravel/framework/src/Illuminate/Container/Container.php(874): Illuminate\\Foundation\\Application->resolve()
#16 /app/www/vendor/laravel/framework/src/Illuminate/Foundation/Application.php(1058): Illuminate\\Container\\Container->make()
#17 /app/www/app/Users/Models/User.php(98): Illuminate\\Foundation\\Application->make()
#18 /app/www/app/App/helpers.php(36): BookStack\\Users\\Models\\User::getGuest()
#19 /app/www/app/Http/Middleware/Localization.php(26): user()
#20 /app/www/vendor/laravel/framework/src/Illuminate/Pipeline/Pipeline.php(219): BookStack\\Http\\Middleware\\Localization->handle()
#21 /app/www/app/Http/Middleware/RunThemeActions.php(26): Illuminate\\Pipeline\\Pipeline->{closure:{closure:Illuminate\\Pipeline\\Pipeline::carry():194}:195}()
#22 /app/www/vendor/laravel/framework/src/Illuminate/Pipeline/Pipeline.php(219): BookStack\\Http\\Middleware\\RunThemeActions->handle()
#23 /app/www/app/Http/Middleware/CheckEmailConfirmed.php(47): Illuminate\\Pipeline\\Pipeline->{closure:{closure:Illuminate\\Pipeline\\Pipeline::carry():194}:195}()
#24 /app/www/vendor/laravel/framework/src/Illuminate/Pipeline/Pipeline.php(219): BookStack\\Http\\Middleware\\CheckEmailConfirmed->handle()
#25 /app/www/vendor/laravel/framework/src/Illuminate/Foundation/Http/Middleware/VerifyCsrfToken.php(87): Illuminate\\Pipeline\\Pipeline->{closure:{closure:Illuminate\\Pipeline\\Pipeline::carry():194}:195}()
#26 /app/www/vendor/laravel/framework/src/Illuminate/Pipeline/Pipeline.php(219): Illuminate\\Foundation\\Http\\Middleware\\VerifyCsrfToken->handle()
#27 /app/www/vendor/laravel/framework/src/Illuminate/View/Middleware/ShareErrorsFromSession.php(48): Illuminate\\Pipeline\\Pipeline->{closure:{closure:Illuminate\\Pipeline\\Pipeline::carry():194}:195}()
#28 /app/www/vendor/laravel/framework/src/Illuminate/Pipeline/Pipeline.php(219): Illuminate\\View\\Middleware\\ShareErrorsFromSession->handle()
#29 /app/www/vendor/laravel/framework/src/Illuminate/Session/Middleware/StartSession.php(120): Illuminate\\Pipeline\\Pipeline->{closure:{closure:Illuminate\\Pipeline\\Pipeline::carry():194}:195}()
#30 /app/www/vendor/laravel/framework/src/Illuminate/Session/Middleware/StartSession.php(63): Illuminate\\Session\\Middleware\\StartSession->handleStatefulRequest()
#31 /app/www/vendor/laravel/framework/src/Illuminate/Pipeline/Pipeline.php(219): Illuminate\\Session\\Middleware\\StartSession->handle()
#32 /app/www/vendor/laravel/framework/src/Illuminate/Cookie/Middleware/AddQueuedCookiesToResponse.php(36): Illuminate\\Pipeline\\Pipeline->{closure:{closure:Illuminate\\Pipeline\\Pipeline::carry():194}:195}()
#33 /app/www/vendor/laravel/framework/src/Illuminate/Pipeline/Pipeline.php(219): Illuminate\\Cookie\\Middleware\\AddQueuedCookiesToResponse->handle()
#34 /app/www/vendor/laravel/framework/src/Illuminate/Cookie/Middleware/EncryptCookies.php(74): Illuminate\\Pipeline\\Pipeline->{closure:{closure:Illuminate\\Pipeline\\Pipeline::carry():194}:195}()
#35 /app/www/vendor/laravel/framework/src/Illuminate/Pipeline/Pipeline.php(219): Illuminate\\Cookie\\Middleware\\EncryptCookies->handle()
#36 /app/www/app/Http/Middleware/ApplyCspRules.php(33): Illuminate\\Pipeline\\Pipeline->{closure:{closure:Illuminate\\Pipeline\\Pipeline::carry():194}:195}()
#37 /app/www/vendor/laravel/framework/src/Illuminate/Pipeline/Pipeline.php(219): BookStack\\Http\\Middleware\\ApplyCspRules->handle()
#38 /app/www/vendor/laravel/framework/src/Illuminate/Pipeline/Pipeline.php(137): Illuminate\\Pipeline\\Pipeline->{closure:{closure:Illuminate\\Pipeline\\Pipeline::carry():194}:195}()
#39 /app/www/vendor/laravel/framework/src/Illuminate/Routing/Router.php(821): Illuminate\\Pipeline\\Pipeline->then()
#40 /app/www/vendor/laravel/framework/src/Illuminate/Routing/Router.php(800): Illuminate\\Routing\\Router->runRouteWithinStack()
#41 /app/www/vendor/laravel/framework/src/Illuminate/Routing/Router.php(764): Illuminate\\Routing\\Router->runRoute()
#42 /app/www/vendor/laravel/framework/src/Illuminate/Routing/Router.php(753): Illuminate\\Routing\\Router->dispatchToRoute()
#43 /app/www/vendor/laravel/framework/src/Illuminate/Foundation/Http/Kernel.php(200): Illuminate\\Routing\\Router->dispatch()
#44 /app/www/vendor/laravel/framework/src/Illuminate/Pipeline/Pipeline.php(180): Illuminate\\Foundation\\Http\\Kernel->{closure:Illuminate\\Foundation\\Http\\Kernel::dispatchToRouter():197}()
#45 /app/www/app/Http/Middleware/PreventResponseCaching.php(28): Illuminate\\Pipeline\\Pipeline->{closure:Illuminate\\Pipeline\\Pipeline::prepareDestination():178}()
#46 /app/www/vendor/laravel/framework/src/Illuminate/Pipeline/Pipeline.php(219): BookStack\\Http\\Middleware\\PreventResponseCaching->handle()
#47 /app/www/vendor/laravel/framework/src/Illuminate/Http/Middleware/TrustProxies.php(58): Illuminate\\Pipeline\\Pipeline->{closure:{closure:Illuminate\\Pipeline\\Pipeline::carry():194}:195}()
#48 /app/www/app/Http/Middleware/TrustProxies.php(41): Illuminate\\Http\\Middleware\\TrustProxies->handle()
#49 /app/www/vendor/laravel/framework/src/Illuminate/Pipeline/Pipeline.php(219): BookStack\\Http\\Middleware\\TrustProxies->handle()
#50 /app/www/vendor/laravel/framework/src/Illuminate/Foundation/Http/Middleware/TransformsRequest.php(21): Illuminate\\Pipeline\\Pipeline->{closure:{closure:Illuminate\\Pipeline\\Pipeline::carry():194}:195}()
#51 /app/www/vendor/laravel/framework/src/Illuminate/Foundation/Http/Middleware/TrimStrings.php(51): Illuminate\\Foundation\\Http\\Middleware\\TransformsRequest->handle()
#52 /app/www/vendor/laravel/framework/src/Illuminate/Pipeline/Pipeline.php(219): Illuminate\\Foundation\\Http\\Middleware\\TrimStrings->handle()
#53 /app/www/vendor/laravel/framework/src/Illuminate/Http/Middleware/ValidatePostSize.php(27): Illuminate\\Pipeline\\Pipeline->{closure:{closure:Illuminate\\Pipeline\\Pipeline::carry():194}:195}()
#54 /app/www/vendor/laravel/framework/src/Illuminate/Pipeline/Pipeline.php(219): Illuminate\\Http\\Middleware\\ValidatePostSize->handle()
#55 /app/www/vendor/laravel/framework/src/Illuminate/Foundation/Http/Middleware/PreventRequestsDuringMaintenance.php(109): Illuminate\\Pipeline\\Pipeline->{closure:{closure:Illuminate\\Pipeline\\Pipeline::carry():194}:195}()
#56 /app/www/vendor/laravel/framework/src/Illuminate/Pipeline/Pipeline.php(219): Illuminate\\Foundation\\Http\\Middleware\\PreventRequestsDuringMaintenance->handle()
#57 /app/www/vendor/laravel/framework/src/Illuminate/Pipeline/Pipeline.php(137): Illuminate\\Pipeline\\Pipeline->{closure:{closure:Illuminate\\Pipeline\\Pipeline::carry():194}:195}()
#58 /app/www/vendor/laravel/framework/src/Illuminate/Foundation/Http/Kernel.php(175): Illuminate\\Pipeline\\Pipeline->then()
#59 /app/www/vendor/laravel/framework/src/Illuminate/Foundation/Http/Kernel.php(144): Illuminate\\Foundation\\Http\\Kernel->sendRequestThroughRouter()
#60 /app/www/public/index.php(23): Illuminate\\Foundation\\Http\\Kernel->handle()
#61 {main}

[previous exception] [object] (PDOException(code: 1045): SQLSTATE[HY000] [1045] Access denied for user 'database_username'@'bookstack.openproject-docker_backend' (using password: YES) at /app/www/vendor/laravel/framework/src/Illuminate/Database/Connectors/Connector.php:67)
[stacktrace]
#0 /app/www/vendor/laravel/framework/src/Illuminate/Database/Connectors/Connector.php(67): PDO::connect()
#1 /app/www/vendor/laravel/framework/src/Illuminate/Database/Connectors/Connector.php(85): Illuminate\\Database\\Connectors\\Connector->createPdoConnection()
#2 /app/www/vendor/laravel/framework/src/Illuminate/Database/Connectors/Connector.php(48): Illuminate\\Database\\Connectors\\Connector->tryAgainIfCausedByLostConnection()
#3 /app/www/vendor/laravel/framework/src/Illuminate/Database/Connectors/MySqlConnector.php(24): Illuminate\\Database\\Connectors\\Connector->createConnection()
#4 /app/www/vendor/laravel/framework/src/Illuminate/Database/Connectors/ConnectionFactory.php(184): Illuminate\\Database\\Connectors\\MySqlConnector->connect()
#5 [internal function]: Illuminate\\Database\\Connectors\\ConnectionFactory->{closure:Illuminate\\Database\\Connectors\\ConnectionFactory::createPdoResolverWithHosts():179}()
#6 /app/www/vendor/laravel/framework/src/Illuminate/Database/Connection.php(1236): call_user_func()
#7 /app/www/vendor/laravel/framework/src/Illuminate/Database/Connection.php(1272): Illuminate\\Database\\Connection->getPdo()
#8 /app/www/vendor/laravel/framework/src/Illuminate/Database/Connection.php(511): Illuminate\\Database\\Connection->getReadPdo()
#9 /app/www/vendor/laravel/framework/src/Illuminate/Database/Connection.php(406): Illuminate\\Database\\Connection->getPdoForSelect()
#10 /app/www/vendor/laravel/framework/src/Illuminate/Database/Connection.php(813): Illuminate\\Database\\Connection->{closure:Illuminate\\Database\\Connection::select():397}()
#11 /app/www/vendor/laravel/framework/src/Illuminate/Database/Connection.php(980): Illuminate\\Database\\Connection->runQueryCallback()
#12 /app/www/vendor/laravel/framework/src/Illuminate/Database/Connection.php(959): Illuminate\\Database\\Connection->tryAgainIfCausedByLostConnection()
#13 /app/www/vendor/laravel/framework/src/Illuminate/Database/Connection.php(782): Illuminate\\Database\\Connection->handleQueryException()
#14 /app/www/vendor/laravel/framework/src/Illuminate/Database/Connection.php(397): Illuminate\\Database\\Connection->run()
#15 /app/www/vendor/laravel/framework/src/Illuminate/Database/Query/Builder.php(3188): Illuminate\\Database\\Connection->select()
#16 /app/www/vendor/laravel/framework/src/Illuminate/Database/Query/Builder.php(3173): Illuminate\\Database\\Query\\Builder->runSelect()
#17 /app/www/vendor/laravel/framework/src/Illuminate/Database/Query/Builder.php(3763): Illuminate\\Database\\Query\\Builder->{closure:Illuminate\\Database\\Query\\Builder::get():3172}()
#18 /app/www/vendor/laravel/framework/src/Illuminate/Database/Query/Builder.php(3172): Illuminate\\Database\\Query\\Builder->onceWithColumns()
#19 /app/www/vendor/laravel/framework/src/Illuminate/Database/Eloquent/Builder.php(902): Illuminate\\Database\\Query\\Builder->get()
#20 /app/www/vendor/laravel/framework/src/Illuminate/Database/Eloquent/Builder.php(884): Illuminate\\Database\\Eloquent\\Builder->getModels()
#21 /app/www/vendor/laravel/framework/src/Illuminate/Database/Concerns/BuildsQueries.php(366): Illuminate\\Database\\Eloquent\\Builder->get()
#22 /app/www/app/App/Providers/AuthServiceProvider.php(69): Illuminate\\Database\\Eloquent\\Builder->first()
#23 /app/www/vendor/laravel/framework/src/Illuminate/Container/Container.php(1125): BookStack\\App\\Providers\\AuthServiceProvider->{closure:BookStack\\App\\Providers\\AuthServiceProvider::register():68}()
#24 /app/www/vendor/laravel/framework/src/Illuminate/Container/Container.php(943): Illuminate\\Container\\Container->build()
#25 /app/www/vendor/laravel/framework/src/Illuminate/Foundation/Application.php(1078): Illuminate\\Container\\Container->resolve()
#26 /app/www/vendor/laravel/framework/src/Illuminate/Container/Container.php(874): Illuminate\\Foundation\\Application->resolve()
#27 /app/www/vendor/laravel/framework/src/Illuminate/Foundation/Application.php(1058): Illuminate\\Container\\Container->make()
#28 /app/www/app/Users/Models/User.php(98): Illuminate\\Foundation\\Application->make()
#29 /app/www/app/App/helpers.php(36): BookStack\\Users\\Models\\User::getGuest()
#30 /app/www/app/Http/Middleware/Localization.php(26): user()
#31 /app/www/vendor/laravel/framework/src/Illuminate/Pipeline/Pipeline.php(219): BookStack\\Http\\Middleware\\Localization->handle()
#32 /app/www/app/Http/Middleware/RunThemeActions.php(26): Illuminate\\Pipeline\\Pipeline->{closure:{closure:Illuminate\\Pipeline\\Pipeline::carry():194}:195}()
#33 /app/www/vendor/laravel/framework/src/Illuminate/Pipeline/Pipeline.php(219): BookStack\\Http\\Middleware\\RunThemeActions->handle()
#34 /app/www/app/Http/Middleware/CheckEmailConfirmed.php(47): Illuminate\\Pipeline\\Pipeline->{closure:{closure:Illuminate\\Pipeline\\Pipeline::carry():194}:195}()
#35 /app/www/vendor/laravel/framework/src/Illuminate/Pipeline/Pipeline.php(219): BookStack\\Http\\Middleware\\CheckEmailConfirmed->handle()
#36 /app/www/vendor/laravel/framework/src/Illuminate/Foundation/Http/Middleware/VerifyCsrfToken.php(87): Illuminate\\Pipeline\\Pipeline->{closure:{closure:Illuminate\\Pipeline\\Pipeline::carry():194}:195}()
#37 /app/www/vendor/laravel/framework/src/Illuminate/Pipeline/Pipeline.php(219): Illuminate\\Foundation\\Http\\Middleware\\VerifyCsrfToken->handle()
#38 /app/www/vendor/laravel/framework/src/Illuminate/View/Middleware/ShareErrorsFromSession.php(48): Illuminate\\Pipeline\\Pipeline->{closure:{closure:Illuminate\\Pipeline\\Pipeline::carry():194}:195}()
#39 /app/www/vendor/laravel/framework/src/Illuminate/Pipeline/Pipeline.php(219): Illuminate\\View\\Middleware\\ShareErrorsFromSession->handle()
#40 /app/www/vendor/laravel/framework/src/Illuminate/Session/Middleware/StartSession.php(120): Illuminate\\Pipeline\\Pipeline->{closure:{closure:Illuminate\\Pipeline\\Pipeline::carry():194}:195}()
#41 /app/www/vendor/laravel/framework/src/Illuminate/Session/Middleware/StartSession.php(63): Illuminate\\Session\\Middleware\\StartSession->handleStatefulRequest()
#42 /app/www/vendor/laravel/framework/src/Illuminate/Pipeline/Pipeline.php(219): Illuminate\\Session\\Middleware\\StartSession->handle()
#43 /app/www/vendor/laravel/framework/src/Illuminate/Cookie/Middleware/AddQueuedCookiesToResponse.php(36): Illuminate\\Pipeline\\Pipeline->{closure:{closure:Illuminate\\Pipeline\\Pipeline::carry():194}:195}()
#44 /app/www/vendor/laravel/framework/src/Illuminate/Pipeline/Pipeline.php(219): Illuminate\\Cookie\\Middleware\\AddQueuedCookiesToResponse->handle()
#45 /app/www/vendor/laravel/framework/src/Illuminate/Cookie/Middleware/EncryptCookies.php(74): Illuminate\\Pipeline\\Pipeline->{closure:{closure:Illuminate\\Pipeline\\Pipeline::carry():194}:195}()
#46 /app/www/vendor/laravel/framework/src/Illuminate/Pipeline/Pipeline.php(219): Illuminate\\Cookie\\Middleware\\EncryptCookies->handle()
#47 /app/www/app/Http/Middleware/ApplyCspRules.php(33): Illuminate\\Pipeline\\Pipeline->{closure:{closure:Illuminate\\Pipeline\\Pipeline::carry():194}:195}()
#48 /app/www/vendor/laravel/framework/src/Illuminate/Pipeline/Pipeline.php(219): BookStack\\Http\\Middleware\\ApplyCspRules->handle()
#49 /app/www/vendor/laravel/framework/src/Illuminate/Pipeline/Pipeline.php(137): Illuminate\\Pipeline\\Pipeline->{closure:{closure:Illuminate\\Pipeline\\Pipeline::carry():194}:195}()
#50 /app/www/vendor/laravel/framework/src/Illuminate/Routing/Router.php(821): Illuminate\\Pipeline\\Pipeline->then()
#51 /app/www/vendor/laravel/framework/src/Illuminate/Routing/Router.php(800): Illuminate\\Routing\\Router->runRouteWithinStack()
#52 /app/www/vendor/laravel/framework/src/Illuminate/Routing/Router.php(764): Illuminate\\Routing\\Router->runRoute()
#53 /app/www/vendor/laravel/framework/src/Illuminate/Routing/Router.php(753): Illuminate\\Routing\\Router->dispatchToRoute()
#54 /app/www/vendor/laravel/framework/src/Illuminate/Foundation/Http/Kernel.php(200): Illuminate\\Routing\\Router->dispatch()
#55 /app/www/vendor/laravel/framework/src/Illuminate/Pipeline/Pipeline.php(180): Illuminate\\Foundation\\Http\\Kernel->{closure:Illuminate\\Foundation\\Http\\Kernel::dispatchToRouter():197}()
#56 /app/www/app/Http/Middleware/PreventResponseCaching.php(28): Illuminate\\Pipeline\\Pipeline->{closure:Illuminate\\Pipeline\\Pipeline::prepareDestination():178}()
#57 /app/www/vendor/laravel/framework/src/Illuminate/Pipeline/Pipeline.php(219): BookStack\\Http\\Middleware\\PreventResponseCaching->handle()
#58 /app/www/vendor/laravel/framework/src/Illuminate/Http/Middleware/TrustProxies.php(58): Illuminate\\Pipeline\\Pipeline->{closure:{closure:Illuminate\\Pipeline\\Pipeline::carry():194}:195}()
#59 /app/www/app/Http/Middleware/TrustProxies.php(41): Illuminate\\Http\\Middleware\\TrustProxies->handle()
#60 /app/www/vendor/laravel/framework/src/Illuminate/Pipeline/Pipeline.php(219): BookStack\\Http\\Middleware\\TrustProxies->handle()
#61 /app/www/vendor/laravel/framework/src/Illuminate/Foundation/Http/Middleware/TransformsRequest.php(21): Illuminate\\Pipeline\\Pipeline->{closure:{closure:Illuminate\\Pipeline\\Pipeline::carry():194}:195}()
#62 /app/www/vendor/laravel/framework/src/Illuminate/Foundation/Http/Middleware/TrimStrings.php(51): Illuminate\\Foundation\\Http\\Middleware\\TransformsRequest->handle()
#63 /app/www/vendor/laravel/framework/src/Illuminate/Pipeline/Pipeline.php(219): Illuminate\\Foundation\\Http\\Middleware\\TrimStrings->handle()
#64 /app/www/vendor/laravel/framework/src/Illuminate/Http/Middleware/ValidatePostSize.php(27): Illuminate\\Pipeline\\Pipeline->{closure:{closure:Illuminate\\Pipeline\\Pipeline::carry():194}:195}()
#65 /app/www/vendor/laravel/framework/src/Illuminate/Pipeline/Pipeline.php(219): Illuminate\\Http\\Middleware\\ValidatePostSize->handle()
#66 /app/www/vendor/laravel/framework/src/Illuminate/Foundation/Http/Middleware/PreventRequestsDuringMaintenance.php(109): Illuminate\\Pipeline\\Pipeline->{closure:{closure:Illuminate\\Pipeline\\Pipeline::carry():194}:195}()
#67 /app/www/vendor/laravel/framework/src/Illuminate/Pipeline/Pipeline.php(219): Illuminate\\Foundation\\Http\\Middleware\\PreventRequestsDuringMaintenance->handle()
#68 /app/www/vendor/laravel/framework/src/Illuminate/Pipeline/Pipeline.php(137): Illuminate\\Pipeline\\Pipeline->{closure:{closure:Illuminate\\Pipeline\\Pipeline::carry():194}:195}()
#69 /app/www/vendor/laravel/framework/src/Illuminate/Foundation/Http/Kernel.php(175): Illuminate\\Pipeline\\Pipeline->then()
#70 /app/www/vendor/laravel/framework/src/Illuminate/Foundation/Http/Kernel.php(144): Illuminate\\Foundation\\Http\\Kernel->sendRequestThroughRouter()
#71 /app/www/public/index.php(23): Illuminate\\Foundation\\Http\\Kernel->handle()
#72 {main}
"} 
[2025-12-04 21:50:57] production.ERROR: SQLSTATE[HY000] [1045] Access denied for user 'database_username'@'bookstack.openproject-docker_backend' (using password: YES) (Connection: mysql, SQL: select * from `users` where `system_name` = public limit 1) (View: /app/www/resources/views/layouts/base.blade.php) (View: /app/www/resources/views/layouts/base.blade.php) {"exception":"[object] (Illuminate\\View\\ViewException(code: 0): SQLSTATE[HY000] [1045] Access denied for user 'database_username'@'bookstack.openproject-docker_backend' (using password: YES) (Connection: mysql, SQL: select * from `users` where `system_name` = public limit 1) (View: /app/www/resources/views/layouts/base.blade.php) (View: /app/www/resources/views/layouts/base.blade.php) at /app/www/vendor/laravel/framework/src/Illuminate/Database/Connection.php:826)
[stacktrace]
#0 /app/www/vendor/laravel/framework/src/Illuminate/View/Engines/PhpEngine.php(59): Illuminate\\View\\Engines\\CompilerEngine->handleViewException()
#1 /app/www/vendor/laravel/framework/src/Illuminate/View/Engines/CompilerEngine.php(76): Illuminate\\View\\Engines\\PhpEngine->evaluatePath()
#2 /app/www/vendor/laravel/framework/src/Illuminate/View/View.php(208): Illuminate\\View\\Engines\\CompilerEngine->get()
#3 /app/www/vendor/laravel/framework/src/Illuminate/View/View.php(191): Illuminate\\View\\View->getContents()
#4 /app/www/vendor/laravel/framework/src/Illuminate/View/View.php(160): Illuminate\\View\\View->renderContents()
#5 /app/www/vendor/laravel/framework/src/Illuminate/Http/Response.php(78): Illuminate\\View\\View->render()
#6 /app/www/vendor/laravel/framework/src/Illuminate/Http/Response.php(34): Illuminate\\Http\\Response->setContent()
#7 /app/www/vendor/laravel/framework/src/Illuminate/Routing/ResponseFactory.php(61): Illuminate\\Http\\Response->__construct()
#8 /app/www/vendor/laravel/framework/src/Illuminate/Routing/ResponseFactory.php(91): Illuminate\\Routing\\ResponseFactory->make()
#9 /app/www/vendor/laravel/framework/src/Illuminate/Foundation/Exceptions/Handler.php(926): Illuminate\\Routing\\ResponseFactory->view()
#10 /app/www/vendor/laravel/framework/src/Illuminate/Foundation/Exceptions/Handler.php(847): Illuminate\\Foundation\\Exceptions\\Handler->renderHttpException()
#11 /app/www/vendor/laravel/framework/src/Illuminate/Foundation/Exceptions/Handler.php(738): Illuminate\\Foundation\\Exceptions\\Handler->prepareResponse()
#12 /app/www/vendor/laravel/framework/src/Illuminate/Foundation/Exceptions/Handler.php(626): Illuminate\\Foundation\\Exceptions\\Handler->renderExceptionResponse()
#13 /app/www/app/Exceptions/Handler.php(86): Illuminate\\Foundation\\Exceptions\\Handler->render()
#14 /app/www/vendor/laravel/framework/src/Illuminate/Routing/Pipeline.php(51): BookStack\\Exceptions\\Handler->render()
#15 /app/www/vendor/laravel/framework/src/Illuminate/Pipeline/Pipeline.php(224): Illuminate\\Routing\\Pipeline->handleException()
#16 /app/www/app/Http/Middleware/RunThemeActions.php(26): Illuminate\\Pipeline\\Pipeline->{closure:{closure:Illuminate\\Pipeline\\Pipeline::carry():194}:195}()
#17 /app/www/vendor/laravel/framework/src/Illuminate/Pipeline/Pipeline.php(219): BookStack\\Http\\Middleware\\RunThemeActions->handle()
#18 /app/www/app/Http/Middleware/CheckEmailConfirmed.php(47): Illuminate\\Pipeline\\Pipeline->{closure:{closure:Illuminate\\Pipeline\\Pipeline::carry():194}:195}()
#19 /app/www/vendor/laravel/framework/src/Illuminate/Pipeline/Pipeline.php(219): BookStack\\Http\\Middleware\\CheckEmailConfirmed->handle()
#20 /app/www/vendor/laravel/framework/src/Illuminate/Foundation/Http/Middleware/VerifyCsrfToken.php(87): Illuminate\\Pipeline\\Pipeline->{closure:{closure:Illuminate\\Pipeline\\Pipeline::carry():194}:195}()
#21 /app/www/vendor/laravel/framework/src/Illuminate/Pipeline/Pipeline.php(219): Illuminate\\Foundation\\Http\\Middleware\\VerifyCsrfToken->handle()
#22 /app/www/vendor/laravel/framework/src/Illuminate/View/Middleware/ShareErrorsFromSession.php(48): Illuminate\\Pipeline\\Pipeline->{closure:{closure:Illuminate\\Pipeline\\Pipeline::carry():194}:195}()
#23 /app/www/vendor/laravel/framework/src/Illuminate/Pipeline/Pipeline.php(219): Illuminate\\View\\Middleware\\ShareErrorsFromSession->handle()
#24 /app/www/vendor/laravel/framework/src/Illuminate/Session/Middleware/StartSession.php(120): Illuminate\\Pipeline\\Pipeline->{closure:{closure:Illuminate\\Pipeline\\Pipeline::carry():194}:195}()
#25 /app/www/vendor/laravel/framework/src/Illuminate/Session/Middleware/StartSession.php(63): Illuminate\\Session\\Middleware\\StartSession->handleStatefulRequest()
#26 /app/www/vendor/laravel/framework/src/Illuminate/Pipeline/Pipeline.php(219): Illuminate\\Session\\Middleware\\StartSession->handle()
#27 /app/www/vendor/laravel/framework/src/Illuminate/Cookie/Middleware/AddQueuedCookiesToResponse.php(36): Illuminate\\Pipeline\\Pipeline->{closure:{closure:Illuminate\\Pipeline\\Pipeline::carry():194}:195}()
#28 /app/www/vendor/laravel/framework/src/Illuminate/Pipeline/Pipeline.php(219): Illuminate\\Cookie\\Middleware\\AddQueuedCookiesToResponse->handle()
#29 /app/www/vendor/laravel/framework/src/Illuminate/Cookie/Middleware/EncryptCookies.php(74): Illuminate\\Pipeline\\Pipeline->{closure:{closure:Illuminate\\Pipeline\\Pipeline::carry():194}:195}()
#30 /app/www/vendor/laravel/framework/src/Illuminate/Pipeline/Pipeline.php(219): Illuminate\\Cookie\\Middleware\\EncryptCookies->handle()
#31 /app/www/app/Http/Middleware/ApplyCspRules.php(33): Illuminate\\Pipeline\\Pipeline->{closure:{closure:Illuminate\\Pipeline\\Pipeline::carry():194}:195}()
#32 /app/www/vendor/laravel/framework/src/Illuminate/Pipeline/Pipeline.php(219): BookStack\\Http\\Middleware\\ApplyCspRules->handle()
#33 /app/www/vendor/laravel/framework/src/Illuminate/Pipeline/Pipeline.php(137): Illuminate\\Pipeline\\Pipeline->{closure:{closure:Illuminate\\Pipeline\\Pipeline::carry():194}:195}()
#34 /app/www/vendor/laravel/framework/src/Illuminate/Routing/Router.php(821): Illuminate\\Pipeline\\Pipeline->then()
#35 /app/www/vendor/laravel/framework/src/Illuminate/Routing/Router.php(800): Illuminate\\Routing\\Router->runRouteWithinStack()
#36 /app/www/vendor/laravel/framework/src/Illuminate/Routing/Router.php(764): Illuminate\\Routing\\Router->runRoute()
#37 /app/www/vendor/laravel/framework/src/Illuminate/Routing/Router.php(753): Illuminate\\Routing\\Router->dispatchToRoute()
#38 /app/www/vendor/laravel/framework/src/Illuminate/Foundation/Http/Kernel.php(200): Illuminate\\Routing\\Router->dispatch()
#39 /app/www/vendor/laravel/framework/src/Illuminate/Pipeline/Pipeline.php(180): Illuminate\\Foundation\\Http\\Kernel->{closure:Illuminate\\Foundation\\Http\\Kernel::dispatchToRouter():197}()
#40 /app/www/app/Http/Middleware/PreventResponseCaching.php(28): Illuminate\\Pipeline\\Pipeline->{closure:Illuminate\\Pipeline\\Pipeline::prepareDestination():178}()
#41 /app/www/vendor/laravel/framework/src/Illuminate/Pipeline/Pipeline.php(219): BookStack\\Http\\Middleware\\PreventResponseCaching->handle()
#42 /app/www/vendor/laravel/framework/src/Illuminate/Http/Middleware/TrustProxies.php(58): Illuminate\\Pipeline\\Pipeline->{closure:{closure:Illuminate\\Pipeline\\Pipeline::carry():194}:195}()
#43 /app/www/app/Http/Middleware/TrustProxies.php(41): Illuminate\\Http\\Middleware\\TrustProxies->handle()
#44 /app/www/vendor/laravel/framework/src/Illuminate/Pipeline/Pipeline.php(219): BookStack\\Http\\Middleware\\TrustProxies->handle()
#45 /app/www/vendor/laravel/framework/src/Illuminate/Foundation/Http/Middleware/TransformsRequest.php(21): Illuminate\\Pipeline\\Pipeline->{closure:{closure:Illuminate\\Pipeline\\Pipeline::carry():194}:195}()
#46 /app/www/vendor/laravel/framework/src/Illuminate/Foundation/Http/Middleware/TrimStrings.php(51): Illuminate\\Foundation\\Http\\Middleware\\TransformsRequest->handle()
#47 /app/www/vendor/laravel/framework/src/Illuminate/Pipeline/Pipeline.php(219): Illuminate\\Foundation\\Http\\Middleware\\TrimStrings->handle()
#48 /app/www/vendor/laravel/framework/src/Illuminate/Http/Middleware/ValidatePostSize.php(27): Illuminate\\Pipeline\\Pipeline->{closure:{closure:Illuminate\\Pipeline\\Pipeline::carry():194}:195}()
#49 /app/www/vendor/laravel/framework/src/Illuminate/Pipeline/Pipeline.php(219): Illuminate\\Http\\Middleware\\ValidatePostSize->handle()
#50 /app/www/vendor/laravel/framework/src/Illuminate/Foundation/Http/Middleware/PreventRequestsDuringMaintenance.php(109): Illuminate\\Pipeline\\Pipeline->{closure:{closure:Illuminate\\Pipeline\\Pipeline::carry():194}:195}()
#51 /app/www/vendor/laravel/framework/src/Illuminate/Pipeline/Pipeline.php(219): Illuminate\\Foundation\\Http\\Middleware\\PreventRequestsDuringMaintenance->handle()
#52 /app/www/vendor/laravel/framework/src/Illuminate/Pipeline/Pipeline.php(137): Illuminate\\Pipeline\\Pipeline->{closure:{closure:Illuminate\\Pipeline\\Pipeline::carry():194}:195}()
#53 /app/www/vendor/laravel/framework/src/Illuminate/Foundation/Http/Kernel.php(175): Illuminate\\Pipeline\\Pipeline->then()
#54 /app/www/vendor/laravel/framework/src/Illuminate/Foundation/Http/Kernel.php(144): Illuminate\\Foundation\\Http\\Kernel->sendRequestThroughRouter()
#55 /app/www/public/index.php(23): Illuminate\\Foundation\\Http\\Kernel->handle()
#56 {main}

[previous exception] [object] (Illuminate\\View\\ViewException(code: 0): SQLSTATE[HY000] [1045] Access denied for user 'database_username'@'bookstack.openproject-docker_backend' (using password: YES) (Connection: mysql, SQL: select * from `users` where `system_name` = public limit 1) (View: /app/www/resources/views/layouts/base.blade.php) at /app/www/vendor/laravel/framework/src/Illuminate/Database/Connection.php:826)
[stacktrace]
#0 /app/www/vendor/laravel/framework/src/Illuminate/View/Engines/PhpEngine.php(59): Illuminate\\View\\Engines\\CompilerEngine->handleViewException()
#1 /app/www/vendor/laravel/framework/src/Illuminate/View/Engines/CompilerEngine.php(76): Illuminate\\View\\Engines\\PhpEngine->evaluatePath()
#2 /app/www/vendor/laravel/framework/src/Illuminate/View/View.php(208): Illuminate\\View\\Engines\\CompilerEngine->get()
#3 /app/www/vendor/laravel/framework/src/Illuminate/View/View.php(191): Illuminate\\View\\View->getContents()
#4 /app/www/vendor/laravel/framework/src/Illuminate/View/View.php(160): Illuminate\\View\\View->renderContents()
#5 /config/www/framework/views/8edb2153185ddcede0792056a029bbad.php(16): Illuminate\\View\\View->render()
#6 /app/www/vendor/laravel/framework/src/Illuminate/Filesystem/Filesystem.php(123): require('...')
#7 /app/www/vendor/laravel/framework/src/Illuminate/Filesystem/Filesystem.php(124): Illuminate\\Filesystem\\Filesystem::{closure:Illuminate\\Filesystem\\Filesystem::getRequire():120}()
#8 /app/www/vendor/laravel/framework/src/Illuminate/View/Engines/PhpEngine.php(57): Illuminate\\Filesystem\\Filesystem->getRequire()
#9 /app/www/vendor/laravel/framework/src/Illuminate/View/Engines/CompilerEngine.php(76): Illuminate\\View\\Engines\\PhpEngine->evaluatePath()
#10 /app/www/vendor/laravel/framework/src/Illuminate/View/View.php(208): Illuminate\\View\\Engines\\CompilerEngine->get()
#11 /app/www/vendor/laravel/framework/src/Illuminate/View/View.php(191): Illuminate\\View\\View->getContents()
#12 /app/www/vendor/laravel/framework/src/Illuminate/View/View.php(160): Illuminate\\View\\View->renderContents()
#13 /app/www/vendor/laravel/framework/src/Illuminate/Http/Response.php(78): Illuminate\\View\\View->render()
#14 /app/www/vendor/laravel/framework/src/Illuminate/Http/Response.php(34): Illuminate\\Http\\Response->setContent()
#15 /app/www/vendor/laravel/framework/src/Illuminate/Routing/ResponseFactory.php(61): Illuminate\\Http\\Response->__construct()
#16 /app/www/vendor/laravel/framework/src/Illuminate/Routing/ResponseFactory.php(91): Illuminate\\Routing\\ResponseFactory->make()
#17 /app/www/vendor/laravel/framework/src/Illuminate/Foundation/Exceptions/Handler.php(926): Illuminate\\Routing\\ResponseFactory->view()
#18 /app/www/vendor/laravel/framework/src/Illuminate/Foundation/Exceptions/Handler.php(847): Illuminate\\Foundation\\Exceptions\\Handler->renderHttpException()
#19 /app/www/vendor/laravel/framework/src/Illuminate/Foundation/Exceptions/Handler.php(738): Illuminate\\Foundation\\Exceptions\\Handler->prepareResponse()
#20 /app/www/vendor/laravel/framework/src/Illuminate/Foundation/Exceptions/Handler.php(626): Illuminate\\Foundation\\Exceptions\\Handler->renderExceptionResponse()
#21 /app/www/app/Exceptions/Handler.php(86): Illuminate\\Foundation\\Exceptions\\Handler->render()
#22 /app/www/vendor/laravel/framework/src/Illuminate/Routing/Pipeline.php(51): BookStack\\Exceptions\\Handler->render()
#23 /app/www/vendor/laravel/framework/src/Illuminate/Pipeline/Pipeline.php(224): Illuminate\\Routing\\Pipeline->handleException()
#24 /app/www/app/Http/Middleware/RunThemeActions.php(26): Illuminate\\Pipeline\\Pipeline->{closure:{closure:Illuminate\\Pipeline\\Pipeline::carry():194}:195}()
#25 /app/www/vendor/laravel/framework/src/Illuminate/Pipeline/Pipeline.php(219): BookStack\\Http\\Middleware\\RunThemeActions->handle()
#26 /app/www/app/Http/Middleware/CheckEmailConfirmed.php(47): Illuminate\\Pipeline\\Pipeline->{closure:{closure:Illuminate\\Pipeline\\Pipeline::carry():194}:195}()
#27 /app/www/vendor/laravel/framework/src/Illuminate/Pipeline/Pipeline.php(219): BookStack\\Http\\Middleware\\CheckEmailConfirmed->handle()
#28 /app/www/vendor/laravel/framework/src/Illuminate/Foundation/Http/Middleware/VerifyCsrfToken.php(87): Illuminate\\Pipeline\\Pipeline->{closure:{closure:Illuminate\\Pipeline\\Pipeline::carry():194}:195}()
#29 /app/www/vendor/laravel/framework/src/Illuminate/Pipeline/Pipeline.php(219): Illuminate\\Foundation\\Http\\Middleware\\VerifyCsrfToken->handle()
#30 /app/www/vendor/laravel/framework/src/Illuminate/View/Middleware/ShareErrorsFromSession.php(48): Illuminate\\Pipeline\\Pipeline->{closure:{closure:Illuminate\\Pipeline\\Pipeline::carry():194}:195}()
#31 /app/www/vendor/laravel/framework/src/Illuminate/Pipeline/Pipeline.php(219): Illuminate\\View\\Middleware\\ShareErrorsFromSession->handle()
#32 /app/www/vendor/laravel/framework/src/Illuminate/Session/Middleware/StartSession.php(120): Illuminate\\Pipeline\\Pipeline->{closure:{closure:Illuminate\\Pipeline\\Pipeline::carry():194}:195}()
#33 /app/www/vendor/laravel/framework/src/Illuminate/Session/Middleware/StartSession.php(63): Illuminate\\Session\\Middleware\\StartSession->handleStatefulRequest()
#34 /app/www/vendor/laravel/framework/src/Illuminate/Pipeline/Pipeline.php(219): Illuminate\\Session\\Middleware\\StartSession->handle()
#35 /app/www/vendor/laravel/framework/src/Illuminate/Cookie/Middleware/AddQueuedCookiesToResponse.php(36): Illuminate\\Pipeline\\Pipeline->{closure:{closure:Illuminate\\Pipeline\\Pipeline::carry():194}:195}()
#36 /app/www/vendor/laravel/framework/src/Illuminate/Pipeline/Pipeline.php(219): Illuminate\\Cookie\\Middleware\\AddQueuedCookiesToResponse->handle()
#37 /app/www/vendor/laravel/framework/src/Illuminate/Cookie/Middleware/EncryptCookies.php(74): Illuminate\\Pipeline\\Pipeline->{closure:{closure:Illuminate\\Pipeline\\Pipeline::carry():194}:195}()
#38 /app/www/vendor/laravel/framework/src/Illuminate/Pipeline/Pipeline.php(219): Illuminate\\Cookie\\Middleware\\EncryptCookies->handle()
#39 /app/www/app/Http/Middleware/ApplyCspRules.php(33): Illuminate\\Pipeline\\Pipeline->{closure:{closure:Illuminate\\Pipeline\\Pipeline::carry():194}:195}()
#40 /app/www/vendor/laravel/framework/src/Illuminate/Pipeline/Pipeline.php(219): BookStack\\Http\\Middleware\\ApplyCspRules->handle()
#41 /app/www/vendor/laravel/framework/src/Illuminate/Pipeline/Pipeline.php(137): Illuminate\\Pipeline\\Pipeline->{closure:{closure:Illuminate\\Pipeline\\Pipeline::carry():194}:195}()
#42 /app/www/vendor/laravel/framework/src/Illuminate/Routing/Router.php(821): Illuminate\\Pipeline\\Pipeline->then()
#43 /app/www/vendor/laravel/framework/src/Illuminate/Routing/Router.php(800): Illuminate\\Routing\\Router->runRouteWithinStack()
#44 /app/www/vendor/laravel/framework/src/Illuminate/Routing/Router.php(764): Illuminate\\Routing\\Router->runRoute()
#45 /app/www/vendor/laravel/framework/src/Illuminate/Routing/Router.php(753): Illuminate\\Routing\\Router->dispatchToRoute()
#46 /app/www/vendor/laravel/framework/src/Illuminate/Foundation/Http/Kernel.php(200): Illuminate\\Routing\\Router->dispatch()
#47 /app/www/vendor/laravel/framework/src/Illuminate/Pipeline/Pipeline.php(180): Illuminate\\Foundation\\Http\\Kernel->{closure:Illuminate\\Foundation\\Http\\Kernel::dispatchToRouter():197}()
#48 /app/www/app/Http/Middleware/PreventResponseCaching.php(28): Illuminate\\Pipeline\\Pipeline->{closure:Illuminate\\Pipeline\\Pipeline::prepareDestination():178}()
#49 /app/www/vendor/laravel/framework/src/Illuminate/Pipeline/Pipeline.php(219): BookStack\\Http\\Middleware\\PreventResponseCaching->handle()
#50 /app/www/vendor/laravel/framework/src/Illuminate/Http/Middleware/TrustProxies.php(58): Illuminate\\Pipeline\\Pipeline->{closure:{closure:Illuminate\\Pipeline\\Pipeline::carry():194}:195}()
#51 /app/www/app/Http/Middleware/TrustProxies.php(41): Illuminate\\Http\\Middleware\\TrustProxies->handle()
#52 /app/www/vendor/laravel/framework/src/Illuminate/Pipeline/Pipeline.php(219): BookStack\\Http\\Middleware\\TrustProxies->handle()
#53 /app/www/vendor/laravel/framework/src/Illuminate/Foundation/Http/Middleware/TransformsRequest.php(21): Illuminate\\Pipeline\\Pipeline->{closure:{closure:Illuminate\\Pipeline\\Pipeline::carry():194}:195}()
#54 /app/www/vendor/laravel/framework/src/Illuminate/Foundation/Http/Middleware/TrimStrings.php(51): Illuminate\\Foundation\\Http\\Middleware\\TransformsRequest->handle()
#55 /app/www/vendor/laravel/framework/src/Illuminate/Pipeline/Pipeline.php(219): Illuminate\\Foundation\\Http\\Middleware\\TrimStrings->handle()
#56 /app/www/vendor/laravel/framework/src/Illuminate/Http/Middleware/ValidatePostSize.php(27): Illuminate\\Pipeline\\Pipeline->{closure:{closure:Illuminate\\Pipeline\\Pipeline::carry():194}:195}()
#57 /app/www/vendor/laravel/framework/src/Illuminate/Pipeline/Pipeline.php(219): Illuminate\\Http\\Middleware\\ValidatePostSize->handle()
#58 /app/www/vendor/laravel/framework/src/Illuminate/Foundation/Http/Middleware/PreventRequestsDuringMaintenance.php(109): Illuminate\\Pipeline\\Pipeline->{closure:{closure:Illuminate\\Pipeline\\Pipeline::carry():194}:195}()
#59 /app/www/vendor/laravel/framework/src/Illuminate/Pipeline/Pipeline.php(219): Illuminate\\Foundation\\Http\\Middleware\\PreventRequestsDuringMaintenance->handle()
#60 /app/www/vendor/laravel/framework/src/Illuminate/Pipeline/Pipeline.php(137): Illuminate\\Pipeline\\Pipeline->{closure:{closure:Illuminate\\Pipeline\\Pipeline::carry():194}:195}()
#61 /app/www/vendor/laravel/framework/src/Illuminate/Foundation/Http/Kernel.php(175): Illuminate\\Pipeline\\Pipeline->then()
#62 /app/www/vendor/laravel/framework/src/Illuminate/Foundation/Http/Kernel.php(144): Illuminate\\Foundation\\Http\\Kernel->sendRequestThroughRouter()
#63 /app/www/public/index.php(23): Illuminate\\Foundation\\Http\\Kernel->handle()
#64 {main}

[previous exception] [object] (Illuminate\\Database\\QueryException(code: 1045): SQLSTATE[HY000] [1045] Access denied for user 'database_username'@'bookstack.openproject-docker_backend' (using password: YES) (Connection: mysql, SQL: select * from `users` where `system_name` = public limit 1) at /app/www/vendor/laravel/framework/src/Illuminate/Database/Connection.php:826)
[stacktrace]
#0 /app/www/vendor/laravel/framework/src/Illuminate/Database/Connection.php(980): Illuminate\\Database\\Connection->runQueryCallback()
#1 /app/www/vendor/laravel/framework/src/Illuminate/Database/Connection.php(959): Illuminate\\Database\\Connection->tryAgainIfCausedByLostConnection()
#2 /app/www/vendor/laravel/framework/src/Illuminate/Database/Connection.php(782): Illuminate\\Database\\Connection->handleQueryException()
#3 /app/www/vendor/laravel/framework/src/Illuminate/Database/Connection.php(397): Illuminate\\Database\\Connection->run()
#4 /app/www/vendor/laravel/framework/src/Illuminate/Database/Query/Builder.php(3188): Illuminate\\Database\\Connection->select()
#5 /app/www/vendor/laravel/framework/src/Illuminate/Database/Query/Builder.php(3173): Illuminate\\Database\\Query\\Builder->runSelect()
#6 /app/www/vendor/laravel/framework/src/Illuminate/Database/Query/Builder.php(3763): Illuminate\\Database\\Query\\Builder->{closure:Illuminate\\Database\\Query\\Builder::get():3172}()
#7 /app/www/vendor/laravel/framework/src/Illuminate/Database/Query/Builder.php(3172): Illuminate\\Database\\Query\\Builder->onceWithColumns()
#8 /app/www/vendor/laravel/framework/src/Illuminate/Database/Eloquent/Builder.php(902): Illuminate\\Database\\Query\\Builder->get()
#9 /app/www/vendor/laravel/framework/src/Illuminate/Database/Eloquent/Builder.php(884): Illuminate\\Database\\Eloquent\\Builder->getModels()
#10 /app/www/vendor/laravel/framework/src/Illuminate/Database/Concerns/BuildsQueries.php(366): Illuminate\\Database\\Eloquent\\Builder->get()
#11 /app/www/app/App/Providers/AuthServiceProvider.php(69): Illuminate\\Database\\Eloquent\\Builder->first()
#12 /app/www/vendor/laravel/framework/src/Illuminate/Container/Container.php(1125): BookStack\\App\\Providers\\AuthServiceProvider->{closure:BookStack\\App\\Providers\\AuthServiceProvider::register():68}()
#13 /app/www/vendor/laravel/framework/src/Illuminate/Container/Container.php(943): Illuminate\\Container\\Container->build()
#14 /app/www/vendor/laravel/framework/src/Illuminate/Foundation/Application.php(1078): Illuminate\\Container\\Container->resolve()
#15 /app/www/vendor/laravel/framework/src/Illuminate/Container/Container.php(874): Illuminate\\Foundation\\Application->resolve()
#16 /app/www/vendor/laravel/framework/src/Illuminate/Foundation/Application.php(1058): Illuminate\\Container\\Container->make()
#17 /app/www/app/Users/Models/User.php(98): Illuminate\\Foundation\\Application->make()
#18 /app/www/app/App/helpers.php(36): BookStack\\Users\\Models\\User::getGuest()
#19 /app/www/app/Settings/SettingService.php(62): user()
#20 /config/www/framework/views/d061b6d848142ba4a74aeb2c03a75cf4.php(4): BookStack\\Settings\\SettingService->getForCurrentUser()
#21 /app/www/vendor/laravel/framework/src/Illuminate/Filesystem/Filesystem.php(123): require('...')
#22 /app/www/vendor/laravel/framework/src/Illuminate/Filesystem/Filesystem.php(124): Illuminate\\Filesystem\\Filesystem::{closure:Illuminate\\Filesystem\\Filesystem::getRequire():120}()
#23 /app/www/vendor/laravel/framework/src/Illuminate/View/Engines/PhpEngine.php(57): Illuminate\\Filesystem\\Filesystem->getRequire()
#24 /app/www/vendor/laravel/framework/src/Illuminate/View/Engines/CompilerEngine.php(76): Illuminate\\View\\Engines\\PhpEngine->evaluatePath()
#25 /app/www/vendor/laravel/framework/src/Illuminate/View/View.php(208): Illuminate\\View\\Engines\\CompilerEngine->get()
#26 /app/www/vendor/laravel/framework/src/Illuminate/View/View.php(191): Illuminate\\View\\View->getContents()
#27 /app/www/vendor/laravel/framework/src/Illuminate/View/View.php(160): Illuminate\\View\\View->renderContents()
#28 /config/www/framework/views/8edb2153185ddcede0792056a029bbad.php(16): Illuminate\\View\\View->render()
#29 /app/www/vendor/laravel/framework/src/Illuminate/Filesystem/Filesystem.php(123): require('...')
#30 /app/www/vendor/laravel/framework/src/Illuminate/Filesystem/Filesystem.php(124): Illuminate\\Filesystem\\Filesystem::{closure:Illuminate\\Filesystem\\Filesystem::getRequire():120}()
#31 /app/www/vendor/laravel/framework/src/Illuminate/View/Engines/PhpEngine.php(57): Illuminate\\Filesystem\\Filesystem->getRequire()
#32 /app/www/vendor/laravel/framework/src/Illuminate/View/Engines/CompilerEngine.php(76): Illuminate\\View\\Engines\\PhpEngine->evaluatePath()
#33 /app/www/vendor/laravel/framework/src/Illuminate/View/View.php(208): Illuminate\\View\\Engines\\CompilerEngine->get()
#34 /app/www/vendor/laravel/framework/src/Illuminate/View/View.php(191): Illuminate\\View\\View->getContents()
#35 /app/www/vendor/laravel/framework/src/Illuminate/View/View.php(160): Illuminate\\View\\View->renderContents()
#36 /app/www/vendor/laravel/framework/src/Illuminate/Http/Response.php(78): Illuminate\\View\\View->render()
#37 /app/www/vendor/laravel/framework/src/Illuminate/Http/Response.php(34): Illuminate\\Http\\Response->setContent()
#38 /app/www/vendor/laravel/framework/src/Illuminate/Routing/ResponseFactory.php(61): Illuminate\\Http\\Response->__construct()
#39 /app/www/vendor/laravel/framework/src/Illuminate/Routing/ResponseFactory.php(91): Illuminate\\Routing\\ResponseFactory->make()
#40 /app/www/vendor/laravel/framework/src/Illuminate/Foundation/Exceptions/Handler.php(926): Illuminate\\Routing\\ResponseFactory->view()
#41 /app/www/vendor/laravel/framework/src/Illuminate/Foundation/Exceptions/Handler.php(847): Illuminate\\Foundation\\Exceptions\\Handler->renderHttpException()
#42 /app/www/vendor/laravel/framework/src/Illuminate/Foundation/Exceptions/Handler.php(738): Illuminate\\Foundation\\Exceptions\\Handler->prepareResponse()
#43 /app/www/vendor/laravel/framework/src/Illuminate/Foundation/Exceptions/Handler.php(626): Illuminate\\Foundation\\Exceptions\\Handler->renderExceptionResponse()
#44 /app/www/app/Exceptions/Handler.php(86): Illuminate\\Foundation\\Exceptions\\Handler->render()
#45 /app/www/vendor/laravel/framework/src/Illuminate/Routing/Pipeline.php(51): BookStack\\Exceptions\\Handler->render()
#46 /app/www/vendor/laravel/framework/src/Illuminate/Pipeline/Pipeline.php(224): Illuminate\\Routing\\Pipeline->handleException()
#47 /app/www/app/Http/Middleware/RunThemeActions.php(26): Illuminate\\Pipeline\\Pipeline->{closure:{closure:Illuminate\\Pipeline\\Pipeline::carry():194}:195}()
#48 /app/www/vendor/laravel/framework/src/Illuminate/Pipeline/Pipeline.php(219): BookStack\\Http\\Middleware\\RunThemeActions->handle()
#49 /app/www/app/Http/Middleware/CheckEmailConfirmed.php(47): Illuminate\\Pipeline\\Pipeline->{closure:{closure:Illuminate\\Pipeline\\Pipeline::carry():194}:195}()
#50 /app/www/vendor/laravel/framework/src/Illuminate/Pipeline/Pipeline.php(219): BookStack\\Http\\Middleware\\CheckEmailConfirmed->handle()
#51 /app/www/vendor/laravel/framework/src/Illuminate/Foundation/Http/Middleware/VerifyCsrfToken.php(87): Illuminate\\Pipeline\\Pipeline->{closure:{closure:Illuminate\\Pipeline\\Pipeline::carry():194}:195}()
#52 /app/www/vendor/laravel/framework/src/Illuminate/Pipeline/Pipeline.php(219): Illuminate\\Foundation\\Http\\Middleware\\VerifyCsrfToken->handle()
#53 /app/www/vendor/laravel/framework/src/Illuminate/View/Middleware/ShareErrorsFromSession.php(48): Illuminate\\Pipeline\\Pipeline->{closure:{closure:Illuminate\\Pipeline\\Pipeline::carry():194}:195}()
#54 /app/www/vendor/laravel/framework/src/Illuminate/Pipeline/Pipeline.php(219): Illuminate\\View\\Middleware\\ShareErrorsFromSession->handle()
#55 /app/www/vendor/laravel/framework/src/Illuminate/Session/Middleware/StartSession.php(120): Illuminate\\Pipeline\\Pipeline->{closure:{closure:Illuminate\\Pipeline\\Pipeline::carry():194}:195}()
#56 /app/www/vendor/laravel/framework/src/Illuminate/Session/Middleware/StartSession.php(63): Illuminate\\Session\\Middleware\\StartSession->handleStatefulRequest()
#57 /app/www/vendor/laravel/framework/src/Illuminate/Pipeline/Pipeline.php(219): Illuminate\\Session\\Middleware\\StartSession->handle()
#58 /app/www/vendor/laravel/framework/src/Illuminate/Cookie/Middleware/AddQueuedCookiesToResponse.php(36): Illuminate\\Pipeline\\Pipeline->{closure:{closure:Illuminate\\Pipeline\\Pipeline::carry():194}:195}()
#59 /app/www/vendor/laravel/framework/src/Illuminate/Pipeline/Pipeline.php(219): Illuminate\\Cookie\\Middleware\\AddQueuedCookiesToResponse->handle()
#60 /app/www/vendor/laravel/framework/src/Illuminate/Cookie/Middleware/EncryptCookies.php(74): Illuminate\\Pipeline\\Pipeline->{closure:{closure:Illuminate\\Pipeline\\Pipeline::carry():194}:195}()
#61 /app/www/vendor/laravel/framework/src/Illuminate/Pipeline/Pipeline.php(219): Illuminate\\Cookie\\Middleware\\EncryptCookies->handle()
#62 /app/www/app/Http/Middleware/ApplyCspRules.php(33): Illuminate\\Pipeline\\Pipeline->{closure:{closure:Illuminate\\Pipeline\\Pipeline::carry():194}:195}()
#63 /app/www/vendor/laravel/framework/src/Illuminate/Pipeline/Pipeline.php(219): BookStack\\Http\\Middleware\\ApplyCspRules->handle()
#64 /app/www/vendor/laravel/framework/src/Illuminate/Pipeline/Pipeline.php(137): Illuminate\\Pipeline\\Pipeline->{closure:{closure:Illuminate\\Pipeline\\Pipeline::carry():194}:195}()
#65 /app/www/vendor/laravel/framework/src/Illuminate/Routing/Router.php(821): Illuminate\\Pipeline\\Pipeline->then()
#66 /app/www/vendor/laravel/framework/src/Illuminate/Routing/Router.php(800): Illuminate\\Routing\\Router->runRouteWithinStack()
#67 /app/www/vendor/laravel/framework/src/Illuminate/Routing/Router.php(764): Illuminate\\Routing\\Router->runRoute()
#68 /app/www/vendor/laravel/framework/src/Illuminate/Routing/Router.php(753): Illuminate\\Routing\\Router->dispatchToRoute()
#69 /app/www/vendor/laravel/framework/src/Illuminate/Foundation/Http/Kernel.php(200): Illuminate\\Routing\\Router->dispatch()
#70 /app/www/vendor/laravel/framework/src/Illuminate/Pipeline/Pipeline.php(180): Illuminate\\Foundation\\Http\\Kernel->{closure:Illuminate\\Foundation\\Http\\Kernel::dispatchToRouter():197}()
#71 /app/www/app/Http/Middleware/PreventResponseCaching.php(28): Illuminate\\Pipeline\\Pipeline->{closure:Illuminate\\Pipeline\\Pipeline::prepareDestination():178}()
#72 /app/www/vendor/laravel/framework/src/Illuminate/Pipeline/Pipeline.php(219): BookStack\\Http\\Middleware\\PreventResponseCaching->handle()
#73 /app/www/vendor/laravel/framework/src/Illuminate/Http/Middleware/TrustProxies.php(58): Illuminate\\Pipeline\\Pipeline->{closure:{closure:Illuminate\\Pipeline\\Pipeline::carry():194}:195}()
#74 /app/www/app/Http/Middleware/TrustProxies.php(41): Illuminate\\Http\\Middleware\\TrustProxies->handle()
#75 /app/www/vendor/laravel/framework/src/Illuminate/Pipeline/Pipeline.php(219): BookStack\\Http\\Middleware\\TrustProxies->handle()
#76 /app/www/vendor/laravel/framework/src/Illuminate/Foundation/Http/Middleware/TransformsRequest.php(21): Illuminate\\Pipeline\\Pipeline->{closure:{closure:Illuminate\\Pipeline\\Pipeline::carry():194}:195}()
#77 /app/www/vendor/laravel/framework/src/Illuminate/Foundation/Http/Middleware/TrimStrings.php(51): Illuminate\\Foundation\\Http\\Middleware\\TransformsRequest->handle()
#78 /app/www/vendor/laravel/framework/src/Illuminate/Pipeline/Pipeline.php(219): Illuminate\\Foundation\\Http\\Middleware\\TrimStrings->handle()
#79 /app/www/vendor/laravel/framework/src/Illuminate/Http/Middleware/ValidatePostSize.php(27): Illuminate\\Pipeline\\Pipeline->{closure:{closure:Illuminate\\Pipeline\\Pipeline::carry():194}:195}()
#80 /app/www/vendor/laravel/framework/src/Illuminate/Pipeline/Pipeline.php(219): Illuminate\\Http\\Middleware\\ValidatePostSize->handle()
#81 /app/www/vendor/laravel/framework/src/Illuminate/Foundation/Http/Middleware/PreventRequestsDuringMaintenance.php(109): Illuminate\\Pipeline\\Pipeline->{closure:{closure:Illuminate\\Pipeline\\Pipeline::carry():194}:195}()
#82 /app/www/vendor/laravel/framework/src/Illuminate/Pipeline/Pipeline.php(219): Illuminate\\Foundation\\Http\\Middleware\\PreventRequestsDuringMaintenance->handle()
#83 /app/www/vendor/laravel/framework/src/Illuminate/Pipeline/Pipeline.php(137): Illuminate\\Pipeline\\Pipeline->{closure:{closure:Illuminate\\Pipeline\\Pipeline::carry():194}:195}()
#84 /app/www/vendor/laravel/framework/src/Illuminate/Foundation/Http/Kernel.php(175): Illuminate\\Pipeline\\Pipeline->then()
#85 /app/www/vendor/laravel/framework/src/Illuminate/Foundation/Http/Kernel.php(144): Illuminate\\Foundation\\Http\\Kernel->sendRequestThroughRouter()
#86 /app/www/public/index.php(23): Illuminate\\Foundation\\Http\\Kernel->handle()
#87 {main}

[previous exception] [object] (PDOException(code: 1045): SQLSTATE[HY000] [1045] Access denied for user 'database_username'@'bookstack.openproject-docker_backend' (using password: YES) at /app/www/vendor/laravel/framework/src/Illuminate/Database/Connectors/Connector.php:67)
[stacktrace]
#0 /app/www/vendor/laravel/framework/src/Illuminate/Database/Connectors/Connector.php(67): PDO::connect()
#1 /app/www/vendor/laravel/framework/src/Illuminate/Database/Connectors/Connector.php(85): Illuminate\\Database\\Connectors\\Connector->createPdoConnection()
#2 /app/www/vendor/laravel/framework/src/Illuminate/Database/Connectors/Connector.php(48): Illuminate\\Database\\Connectors\\Connector->tryAgainIfCausedByLostConnection()
#3 /app/www/vendor/laravel/framework/src/Illuminate/Database/Connectors/MySqlConnector.php(24): Illuminate\\Database\\Connectors\\Connector->createConnection()
#4 /app/www/vendor/laravel/framework/src/Illuminate/Database/Connectors/ConnectionFactory.php(184): Illuminate\\Database\\Connectors\\MySqlConnector->connect()
#5 [internal function]: Illuminate\\Database\\Connectors\\ConnectionFactory->{closure:Illuminate\\Database\\Connectors\\ConnectionFactory::createPdoResolverWithHosts():179}()
#6 /app/www/vendor/laravel/framework/src/Illuminate/Database/Connection.php(1236): call_user_func()
#7 /app/www/vendor/laravel/framework/src/Illuminate/Database/Connection.php(1272): Illuminate\\Database\\Connection->getPdo()
#8 /app/www/vendor/laravel/framework/src/Illuminate/Database/Connection.php(511): Illuminate\\Database\\Connection->getReadPdo()
#9 /app/www/vendor/laravel/framework/src/Illuminate/Database/Connection.php(406): Illuminate\\Database\\Connection->getPdoForSelect()
#10 /app/www/vendor/laravel/framework/src/Illuminate/Database/Connection.php(813): Illuminate\\Database\\Connection->{closure:Illuminate\\Database\\Connection::select():397}()
#11 /app/www/vendor/laravel/framework/src/Illuminate/Database/Connection.php(980): Illuminate\\Database\\Connection->runQueryCallback()
#12 /app/www/vendor/laravel/framework/src/Illuminate/Database/Connection.php(959): Illuminate\\Database\\Connection->tryAgainIfCausedByLostConnection()
#13 /app/www/vendor/laravel/framework/src/Illuminate/Database/Connection.php(782): Illuminate\\Database\\Connection->handleQueryException()
#14 /app/www/vendor/laravel/framework/src/Illuminate/Database/Connection.php(397): Illuminate\\Database\\Connection->run()
#15 /app/www/vendor/laravel/framework/src/Illuminate/Database/Query/Builder.php(3188): Illuminate\\Database\\Connection->select()
#16 /app/www/vendor/laravel/framework/src/Illuminate/Database/Query/Builder.php(3173): Illuminate\\Database\\Query\\Builder->runSelect()
#17 /app/www/vendor/laravel/framework/src/Illuminate/Database/Query/Builder.php(3763): Illuminate\\Database\\Query\\Builder->{closure:Illuminate\\Database\\Query\\Builder::get():3172}()
#18 /app/www/vendor/laravel/framework/src/Illuminate/Database/Query/Builder.php(3172): Illuminate\\Database\\Query\\Builder->onceWithColumns()
#19 /app/www/vendor/laravel/framework/src/Illuminate/Database/Eloquent/Builder.php(902): Illuminate\\Database\\Query\\Builder->get()
#20 /app/www/vendor/laravel/framework/src/Illuminate/Database/Eloquent/Builder.php(884): Illuminate\\Database\\Eloquent\\Builder->getModels()
#21 /app/www/vendor/laravel/framework/src/Illuminate/Database/Concerns/BuildsQueries.php(366): Illuminate\\Database\\Eloquent\\Builder->get()
#22 /app/www/app/App/Providers/AuthServiceProvider.php(69): Illuminate\\Database\\Eloquent\\Builder->first()
#23 /app/www/vendor/laravel/framework/src/Illuminate/Container/Container.php(1125): BookStack\\App\\Providers\\AuthServiceProvider->{closure:BookStack\\App\\Providers\\AuthServiceProvider::register():68}()
#24 /app/www/vendor/laravel/framework/src/Illuminate/Container/Container.php(943): Illuminate\\Container\\Container->build()
#25 /app/www/vendor/laravel/framework/src/Illuminate/Foundation/Application.php(1078): Illuminate\\Container\\Container->resolve()
#26 /app/www/vendor/laravel/framework/src/Illuminate/Container/Container.php(874): Illuminate\\Foundation\\Application->resolve()
#27 /app/www/vendor/laravel/framework/src/Illuminate/Foundation/Application.php(1058): Illuminate\\Container\\Container->make()
#28 /app/www/app/Users/Models/User.php(98): Illuminate\\Foundation\\Application->make()
#29 /app/www/app/App/helpers.php(36): BookStack\\Users\\Models\\User::getGuest()
#30 /app/www/app/Settings/SettingService.php(62): user()
#31 /config/www/framework/views/d061b6d848142ba4a74aeb2c03a75cf4.php(4): BookStack\\Settings\\SettingService->getForCurrentUser()
#32 /app/www/vendor/laravel/framework/src/Illuminate/Filesystem/Filesystem.php(123): require('...')
#33 /app/www/vendor/laravel/framework/src/Illuminate/Filesystem/Filesystem.php(124): Illuminate\\Filesystem\\Filesystem::{closure:Illuminate\\Filesystem\\Filesystem::getRequire():120}()
#34 /app/www/vendor/laravel/framework/src/Illuminate/View/Engines/PhpEngine.php(57): Illuminate\\Filesystem\\Filesystem->getRequire()
#35 /app/www/vendor/laravel/framework/src/Illuminate/View/Engines/CompilerEngine.php(76): Illuminate\\View\\Engines\\PhpEngine->evaluatePath()
#36 /app/www/vendor/laravel/framework/src/Illuminate/View/View.php(208): Illuminate\\View\\Engines\\CompilerEngine->get()
#37 /app/www/vendor/laravel/framework/src/Illuminate/View/View.php(191): Illuminate\\View\\View->getContents()
#38 /app/www/vendor/laravel/framework/src/Illuminate/View/View.php(160): Illuminate\\View\\View->renderContents()
#39 /config/www/framework/views/8edb2153185ddcede0792056a029bbad.php(16): Illuminate\\View\\View->render()
#40 /app/www/vendor/laravel/framework/src/Illuminate/Filesystem/Filesystem.php(123): require('...')
#41 /app/www/vendor/laravel/framework/src/Illuminate/Filesystem/Filesystem.php(124): Illuminate\\Filesystem\\Filesystem::{closure:Illuminate\\Filesystem\\Filesystem::getRequire():120}()
#42 /app/www/vendor/laravel/framework/src/Illuminate/View/Engines/PhpEngine.php(57): Illuminate\\Filesystem\\Filesystem->getRequire()
#43 /app/www/vendor/laravel/framework/src/Illuminate/View/Engines/CompilerEngine.php(76): Illuminate\\View\\Engines\\PhpEngine->evaluatePath()
#44 /app/www/vendor/laravel/framework/src/Illuminate/View/View.php(208): Illuminate\\View\\Engines\\CompilerEngine->get()
#45 /app/www/vendor/laravel/framework/src/Illuminate/View/View.php(191): Illuminate\\View\\View->getContents()
#46 /app/www/vendor/laravel/framework/src/Illuminate/View/View.php(160): Illuminate\\View\\View->renderContents()
#47 /app/www/vendor/laravel/framework/src/Illuminate/Http/Response.php(78): Illuminate\\View\\View->render()
#48 /app/www/vendor/laravel/framework/src/Illuminate/Http/Response.php(34): Illuminate\\Http\\Response->setContent()
#49 /app/www/vendor/laravel/framework/src/Illuminate/Routing/ResponseFactory.php(61): Illuminate\\Http\\Response->__construct()
#50 /app/www/vendor/laravel/framework/src/Illuminate/Routing/ResponseFactory.php(91): Illuminate\\Routing\\ResponseFactory->make()
#51 /app/www/vendor/laravel/framework/src/Illuminate/Foundation/Exceptions/Handler.php(926): Illuminate\\Routing\\ResponseFactory->view()
#52 /app/www/vendor/laravel/framework/src/Illuminate/Foundation/Exceptions/Handler.php(847): Illuminate\\Foundation\\Exceptions\\Handler->renderHttpException()
#53 /app/www/vendor/laravel/framework/src/Illuminate/Foundation/Exceptions/Handler.php(738): Illuminate\\Foundation\\Exceptions\\Handler->prepareResponse()
#54 /app/www/vendor/laravel/framework/src/Illuminate/Foundation/Exceptions/Handler.php(626): Illuminate\\Foundation\\Exceptions\\Handler->renderExceptionResponse()
#55 /app/www/app/Exceptions/Handler.php(86): Illuminate\\Foundation\\Exceptions\\Handler->render()
#56 /app/www/vendor/laravel/framework/src/Illuminate/Routing/Pipeline.php(51): BookStack\\Exceptions\\Handler->render()
#57 /app/www/vendor/laravel/framework/src/Illuminate/Pipeline/Pipeline.php(224): Illuminate\\Routing\\Pipeline->handleException()
#58 /app/www/app/Http/Middleware/RunThemeActions.php(26): Illuminate\\Pipeline\\Pipeline->{closure:{closure:Illuminate\\Pipeline\\Pipeline::carry():194}:195}()
#59 /app/www/vendor/laravel/framework/src/Illuminate/Pipeline/Pipeline.php(219): BookStack\\Http\\Middleware\\RunThemeActions->handle()
#60 /app/www/app/Http/Middleware/CheckEmailConfirmed.php(47): Illuminate\\Pipeline\\Pipeline->{closure:{closure:Illuminate\\Pipeline\\Pipeline::carry():194}:195}()
#61 /app/www/vendor/laravel/framework/src/Illuminate/Pipeline/Pipeline.php(219): BookStack\\Http\\Middleware\\CheckEmailConfirmed->handle()
#62 /app/www/vendor/laravel/framework/src/Illuminate/Foundation/Http/Middleware/VerifyCsrfToken.php(87): Illuminate\\Pipeline\\Pipeline->{closure:{closure:Illuminate\\Pipeline\\Pipeline::carry():194}:195}()
#63 /app/www/vendor/laravel/framework/src/Illuminate/Pipeline/Pipeline.php(219): Illuminate\\Foundation\\Http\\Middleware\\VerifyCsrfToken->handle()
#64 /app/www/vendor/laravel/framework/src/Illuminate/View/Middleware/ShareErrorsFromSession.php(48): Illuminate\\Pipeline\\Pipeline->{closure:{closure:Illuminate\\Pipeline\\Pipeline::carry():194}:195}()
#65 /app/www/vendor/laravel/framework/src/Illuminate/Pipeline/Pipeline.php(219): Illuminate\\View\\Middleware\\ShareErrorsFromSession->handle()
#66 /app/www/vendor/laravel/framework/src/Illuminate/Session/Middleware/StartSession.php(120): Illuminate\\Pipeline\\Pipeline->{closure:{closure:Illuminate\\Pipeline\\Pipeline::carry():194}:195}()
#67 /app/www/vendor/laravel/framework/src/Illuminate/Session/Middleware/StartSession.php(63): Illuminate\\Session\\Middleware\\StartSession->handleStatefulRequest()
#68 /app/www/vendor/laravel/framework/src/Illuminate/Pipeline/Pipeline.php(219): Illuminate\\Session\\Middleware\\StartSession->handle()
#69 /app/www/vendor/laravel/framework/src/Illuminate/Cookie/Middleware/AddQueuedCookiesToResponse.php(36): Illuminate\\Pipeline\\Pipeline->{closure:{closure:Illuminate\\Pipeline\\Pipeline::carry():194}:195}()
#70 /app/www/vendor/laravel/framework/src/Illuminate/Pipeline/Pipeline.php(219): Illuminate\\Cookie\\Middleware\\AddQueuedCookiesToResponse->handle()
#71 /app/www/vendor/laravel/framework/src/Illuminate/Cookie/Middleware/EncryptCookies.php(74): Illuminate\\Pipeline\\Pipeline->{closure:{closure:Illuminate\\Pipeline\\Pipeline::carry():194}:195}()
#72 /app/www/vendor/laravel/framework/src/Illuminate/Pipeline/Pipeline.php(219): Illuminate\\Cookie\\Middleware\\EncryptCookies->handle()
#73 /app/www/app/Http/Middleware/ApplyCspRules.php(33): Illuminate\\Pipeline\\Pipeline->{closure:{closure:Illuminate\\Pipeline\\Pipeline::carry():194}:195}()
#74 /app/www/vendor/laravel/framework/src/Illuminate/Pipeline/Pipeline.php(219): BookStack\\Http\\Middleware\\ApplyCspRules->handle()
#75 /app/www/vendor/laravel/framework/src/Illuminate/Pipeline/Pipeline.php(137): Illuminate\\Pipeline\\Pipeline->{closure:{closure:Illuminate\\Pipeline\\Pipeline::carry():194}:195}()
#76 /app/www/vendor/laravel/framework/src/Illuminate/Routing/Router.php(821): Illuminate\\Pipeline\\Pipeline->then()
#77 /app/www/vendor/laravel/framework/src/Illuminate/Routing/Router.php(800): Illuminate\\Routing\\Router->runRouteWithinStack()
#78 /app/www/vendor/laravel/framework/src/Illuminate/Routing/Router.php(764): Illuminate\\Routing\\Router->runRoute()
#79 /app/www/vendor/laravel/framework/src/Illuminate/Routing/Router.php(753): Illuminate\\Routing\\Router->dispatchToRoute()
#80 /app/www/vendor/laravel/framework/src/Illuminate/Foundation/Http/Kernel.php(200): Illuminate\\Routing\\Router->dispatch()
#81 /app/www/vendor/laravel/framework/src/Illuminate/Pipeline/Pipeline.php(180): Illuminate\\Foundation\\Http\\Kernel->{closure:Illuminate\\Foundation\\Http\\Kernel::dispatchToRouter():197}()
#82 /app/www/app/Http/Middleware/PreventResponseCaching.php(28): Illuminate\\Pipeline\\Pipeline->{closure:Illuminate\\Pipeline\\Pipeline::prepareDestination():178}()
#83 /app/www/vendor/laravel/framework/src/Illuminate/Pipeline/Pipeline.php(219): BookStack\\Http\\Middleware\\PreventResponseCaching->handle()
#84 /app/www/vendor/laravel/framework/src/Illuminate/Http/Middleware/TrustProxies.php(58): Illuminate\\Pipeline\\Pipeline->{closure:{closure:Illuminate\\Pipeline\\Pipeline::carry():194}:195}()
#85 /app/www/app/Http/Middleware/TrustProxies.php(41): Illuminate\\Http\\Middleware\\TrustProxies->handle()
#86 /app/www/vendor/laravel/framework/src/Illuminate/Pipeline/Pipeline.php(219): BookStack\\Http\\Middleware\\TrustProxies->handle()
#87 /app/www/vendor/laravel/framework/src/Illuminate/Foundation/Http/Middleware/TransformsRequest.php(21): Illuminate\\Pipeline\\Pipeline->{closure:{closure:Illuminate\\Pipeline\\Pipeline::carry():194}:195}()
#88 /app/www/vendor/laravel/framework/src/Illuminate/Foundation/Http/Middleware/TrimStrings.php(51): Illuminate\\Foundation\\Http\\Middleware\\TransformsRequest->handle()
#89 /app/www/vendor/laravel/framework/src/Illuminate/Pipeline/Pipeline.php(219): Illuminate\\Foundation\\Http\\Middleware\\TrimStrings->handle()
#90 /app/www/vendor/laravel/framework/src/Illuminate/Http/Middleware/ValidatePostSize.php(27): Illuminate\\Pipeline\\Pipeline->{closure:{closure:Illuminate\\Pipeline\\Pipeline::carry():194}:195}()
#91 /app/www/vendor/laravel/framework/src/Illuminate/Pipeline/Pipeline.php(219): Illuminate\\Http\\Middleware\\ValidatePostSize->handle()
#92 /app/www/vendor/laravel/framework/src/Illuminate/Foundation/Http/Middleware/PreventRequestsDuringMaintenance.php(109): Illuminate\\Pipeline\\Pipeline->{closure:{closure:Illuminate\\Pipeline\\Pipeline::carry():194}:195}()
#93 /app/www/vendor/laravel/framework/src/Illuminate/Pipeline/Pipeline.php(219): Illuminate\\Foundation\\Http\\Middleware\\PreventRequestsDuringMaintenance->handle()
#94 /app/www/vendor/laravel/framework/src/Illuminate/Pipeline/Pipeline.php(137): Illuminate\\Pipeline\\Pipeline->{closure:{closure:Illuminate\\Pipeline\\Pipeline::carry():194}:195}()
#95 /app/www/vendor/laravel/framework/src/Illuminate/Foundation/Http/Kernel.php(175): Illuminate\\Pipeline\\Pipeline->then()
#96 /app/www/vendor/laravel/framework/src/Illuminate/Foundation/Http/Kernel.php(144): Illuminate\\Foundation\\Http\\Kernel->sendRequestThroughRouter()
#97 /app/www/public/index.php(23): Illuminate\\Foundation\\Http\\Kernel->handle()
#98 {main}
"} 
[2025-12-04 21:51:14] production.ERROR: SQLSTATE[HY000] [1045] Access denied for user 'database_username'@'bookstack.openproject-docker_backend' (using password: YES) (Connection: mysql, SQL: select * from `users` where `system_name` = public limit 1) {"exception":"[object] (Illuminate\\Database\\QueryException(code: 1045): SQLSTATE[HY000] [1045] Access denied for user 'database_username'@'bookstack.openproject-docker_backend' (using password: YES) (Connection: mysql, SQL: select * from `users` where `system_name` = public limit 1) at /app/www/vendor/laravel/framework/src/Illuminate/Database/Connection.php:826)
[stacktrace]
#0 /app/www/vendor/laravel/framework/src/Illuminate/Database/Connection.php(980): Illuminate\\Database\\Connection->runQueryCallback()
#1 /app/www/vendor/laravel/framework/src/Illuminate/Database/Connection.php(959): Illuminate\\Database\\Connection->tryAgainIfCausedByLostConnection()
#2 /app/www/vendor/laravel/framework/src/Illuminate/Database/Connection.php(782): Illuminate\\Database\\Connection->handleQueryException()
#3 /app/www/vendor/laravel/framework/src/Illuminate/Database/Connection.php(397): Illuminate\\Database\\Connection->run()
#4 /app/www/vendor/laravel/framework/src/Illuminate/Database/Query/Builder.php(3188): Illuminate\\Database\\Connection->select()
#5 /app/www/vendor/laravel/framework/src/Illuminate/Database/Query/Builder.php(3173): Illuminate\\Database\\Query\\Builder->runSelect()
#6 /app/www/vendor/laravel/framework/src/Illuminate/Database/Query/Builder.php(3763): Illuminate\\Database\\Query\\Builder->{closure:Illuminate\\Database\\Query\\Builder::get():3172}()
#7 /app/www/vendor/laravel/framework/src/Illuminate/Database/Query/Builder.php(3172): Illuminate\\Database\\Query\\Builder->onceWithColumns()
#8 /app/www/vendor/laravel/framework/src/Illuminate/Database/Eloquent/Builder.php(902): Illuminate\\Database\\Query\\Builder->get()
#9 /app/www/vendor/laravel/framework/src/Illuminate/Database/Eloquent/Builder.php(884): Illuminate\\Database\\Eloquent\\Builder->getModels()
#10 /app/www/vendor/laravel/framework/src/Illuminate/Database/Concerns/BuildsQueries.php(366): Illuminate\\Database\\Eloquent\\Builder->get()
#11 /app/www/app/App/Providers/AuthServiceProvider.php(69): Illuminate\\Database\\Eloquent\\Builder->first()
#12 /app/www/vendor/laravel/framework/src/Illuminate/Container/Container.php(1125): BookStack\\App\\Providers\\AuthServiceProvider->{closure:BookStack\\App\\Providers\\AuthServiceProvider::register():68}()
#13 /app/www/vendor/laravel/framework/src/Illuminate/Container/Container.php(943): Illuminate\\Container\\Container->build()
#14 /app/www/vendor/laravel/framework/src/Illuminate/Foundation/Application.php(1078): Illuminate\\Container\\Container->resolve()
#15 /app/www/vendor/laravel/framework/src/Illuminate/Container/Container.php(874): Illuminate\\Foundation\\Application->resolve()
#16 /app/www/vendor/laravel/framework/src/Illuminate/Foundation/Application.php(1058): Illuminate\\Container\\Container->make()
#17 /app/www/app/Users/Models/User.php(98): Illuminate\\Foundation\\Application->make()
#18 /app/www/app/App/helpers.php(36): BookStack\\Users\\Models\\User::getGuest()
#19 /app/www/app/Http/Middleware/Localization.php(26): user()
#20 /app/www/vendor/laravel/framework/src/Illuminate/Pipeline/Pipeline.php(219): BookStack\\Http\\Middleware\\Localization->handle()
#21 /app/www/app/Http/Middleware/RunThemeActions.php(26): Illuminate\\Pipeline\\Pipeline->{closure:{closure:Illuminate\\Pipeline\\Pipeline::carry():194}:195}()
#22 /app/www/vendor/laravel/framework/src/Illuminate/Pipeline/Pipeline.php(219): BookStack\\Http\\Middleware\\RunThemeActions->handle()
#23 /app/www/app/Http/Middleware/CheckEmailConfirmed.php(47): Illuminate\\Pipeline\\Pipeline->{closure:{closure:Illuminate\\Pipeline\\Pipeline::carry():194}:195}()
#24 /app/www/vendor/laravel/framework/src/Illuminate/Pipeline/Pipeline.php(219): BookStack\\Http\\Middleware\\CheckEmailConfirmed->handle()
#25 /app/www/vendor/laravel/framework/src/Illuminate/Foundation/Http/Middleware/VerifyCsrfToken.php(87): Illuminate\\Pipeline\\Pipeline->{closure:{closure:Illuminate\\Pipeline\\Pipeline::carry():194}:195}()
#26 /app/www/vendor/laravel/framework/src/Illuminate/Pipeline/Pipeline.php(219): Illuminate\\Foundation\\Http\\Middleware\\VerifyCsrfToken->handle()
#27 /app/www/vendor/laravel/framework/src/Illuminate/View/Middleware/ShareErrorsFromSession.php(48): Illuminate\\Pipeline\\Pipeline->{closure:{closure:Illuminate\\Pipeline\\Pipeline::carry():194}:195}()
#28 /app/www/vendor/laravel/framework/src/Illuminate/Pipeline/Pipeline.php(219): Illuminate\\View\\Middleware\\ShareErrorsFromSession->handle()
#29 /app/www/vendor/laravel/framework/src/Illuminate/Session/Middleware/StartSession.php(120): Illuminate\\Pipeline\\Pipeline->{closure:{closure:Illuminate\\Pipeline\\Pipeline::carry():194}:195}()
#30 /app/www/vendor/laravel/framework/src/Illuminate/Session/Middleware/StartSession.php(63): Illuminate\\Session\\Middleware\\StartSession->handleStatefulRequest()
#31 /app/www/vendor/laravel/framework/src/Illuminate/Pipeline/Pipeline.php(219): Illuminate\\Session\\Middleware\\StartSession->handle()
#32 /app/www/vendor/laravel/framework/src/Illuminate/Cookie/Middleware/AddQueuedCookiesToResponse.php(36): Illuminate\\Pipeline\\Pipeline->{closure:{closure:Illuminate\\Pipeline\\Pipeline::carry():194}:195}()
#33 /app/www/vendor/laravel/framework/src/Illuminate/Pipeline/Pipeline.php(219): Illuminate\\Cookie\\Middleware\\AddQueuedCookiesToResponse->handle()
#34 /app/www/vendor/laravel/framework/src/Illuminate/Cookie/Middleware/EncryptCookies.php(74): Illuminate\\Pipeline\\Pipeline->{closure:{closure:Illuminate\\Pipeline\\Pipeline::carry():194}:195}()
#35 /app/www/vendor/laravel/framework/src/Illuminate/Pipeline/Pipeline.php(219): Illuminate\\Cookie\\Middleware\\EncryptCookies->handle()
#36 /app/www/app/Http/Middleware/ApplyCspRules.php(33): Illuminate\\Pipeline\\Pipeline->{closure:{closure:Illuminate\\Pipeline\\Pipeline::carry():194}:195}()
#37 /app/www/vendor/laravel/framework/src/Illuminate/Pipeline/Pipeline.php(219): BookStack\\Http\\Middleware\\ApplyCspRules->handle()
#38 /app/www/vendor/laravel/framework/src/Illuminate/Pipeline/Pipeline.php(137): Illuminate\\Pipeline\\Pipeline->{closure:{closure:Illuminate\\Pipeline\\Pipeline::carry():194}:195}()
#39 /app/www/vendor/laravel/framework/src/Illuminate/Routing/Router.php(821): Illuminate\\Pipeline\\Pipeline->then()
#40 /app/www/vendor/laravel/framework/src/Illuminate/Routing/Router.php(800): Illuminate\\Routing\\Router->runRouteWithinStack()
#41 /app/www/vendor/laravel/framework/src/Illuminate/Routing/Router.php(764): Illuminate\\Routing\\Router->runRoute()
#42 /app/www/vendor/laravel/framework/src/Illuminate/Routing/Router.php(753): Illuminate\\Routing\\Router->dispatchToRoute()
#43 /app/www/vendor/laravel/framework/src/Illuminate/Foundation/Http/Kernel.php(200): Illuminate\\Routing\\Router->dispatch()
#44 /app/www/vendor/laravel/framework/src/Illuminate/Pipeline/Pipeline.php(180): Illuminate\\Foundation\\Http\\Kernel->{closure:Illuminate\\Foundation\\Http\\Kernel::dispatchToRouter():197}()
#45 /app/www/app/Http/Middleware/PreventResponseCaching.php(28): Illuminate\\Pipeline\\Pipeline->{closure:Illuminate\\Pipeline\\Pipeline::prepareDestination():178}()
#46 /app/www/vendor/laravel/framework/src/Illuminate/Pipeline/Pipeline.php(219): BookStack\\Http\\Middleware\\PreventResponseCaching->handle()
#47 /app/www/vendor/laravel/framework/src/Illuminate/Http/Middleware/TrustProxies.php(58): Illuminate\\Pipeline\\Pipeline->{closure:{closure:Illuminate\\Pipeline\\Pipeline::carry():194}:195}()
#48 /app/www/app/Http/Middleware/TrustProxies.php(41): Illuminate\\Http\\Middleware\\TrustProxies->handle()
#49 /app/www/vendor/laravel/framework/src/Illuminate/Pipeline/Pipeline.php(219): BookStack\\Http\\Middleware\\TrustProxies->handle()
#50 /app/www/vendor/laravel/framework/src/Illuminate/Foundation/Http/Middleware/TransformsRequest.php(21): Illuminate\\Pipeline\\Pipeline->{closure:{closure:Illuminate\\Pipeline\\Pipeline::carry():194}:195}()
#51 /app/www/vendor/laravel/framework/src/Illuminate/Foundation/Http/Middleware/TrimStrings.php(51): Illuminate\\Foundation\\Http\\Middleware\\TransformsRequest->handle()
#52 /app/www/vendor/laravel/framework/src/Illuminate/Pipeline/Pipeline.php(219): Illuminate\\Foundation\\Http\\Middleware\\TrimStrings->handle()
#53 /app/www/vendor/laravel/framework/src/Illuminate/Http/Middleware/ValidatePostSize.php(27): Illuminate\\Pipeline\\Pipeline->{closure:{closure:Illuminate\\Pipeline\\Pipeline::carry():194}:195}()
#54 /app/www/vendor/laravel/framework/src/Illuminate/Pipeline/Pipeline.php(219): Illuminate\\Http\\Middleware\\ValidatePostSize->handle()
#55 /app/www/vendor/laravel/framework/src/Illuminate/Foundation/Http/Middleware/PreventRequestsDuringMaintenance.php(109): Illuminate\\Pipeline\\Pipeline->{closure:{closure:Illuminate\\Pipeline\\Pipeline::carry():194}:195}()
#56 /app/www/vendor/laravel/framework/src/Illuminate/Pipeline/Pipeline.php(219): Illuminate\\Foundation\\Http\\Middleware\\PreventRequestsDuringMaintenance->handle()
#57 /app/www/vendor/laravel/framework/src/Illuminate/Pipeline/Pipeline.php(137): Illuminate\\Pipeline\\Pipeline->{closure:{closure:Illuminate\\Pipeline\\Pipeline::carry():194}:195}()
#58 /app/www/vendor/laravel/framework/src/Illuminate/Foundation/Http/Kernel.php(175): Illuminate\\Pipeline\\Pipeline->then()
#59 /app/www/vendor/laravel/framework/src/Illuminate/Foundation/Http/Kernel.php(144): Illuminate\\Foundation\\Http\\Kernel->sendRequestThroughRouter()
#60 /app/www/public/index.php(23): Illuminate\\Foundation\\Http\\Kernel->handle()
#61 {main}

[previous exception] [object] (PDOException(code: 1045): SQLSTATE[HY000] [1045] Access denied for user 'database_username'@'bookstack.openproject-docker_backend' (using password: YES) at /app/www/vendor/laravel/framework/src/Illuminate/Database/Connectors/Connector.php:67)
[stacktrace]
#0 /app/www/vendor/laravel/framework/src/Illuminate/Database/Connectors/Connector.php(67): PDO::connect()
#1 /app/www/vendor/laravel/framework/src/Illuminate/Database/Connectors/Connector.php(85): Illuminate\\Database\\Connectors\\Connector->createPdoConnection()
#2 /app/www/vendor/laravel/framework/src/Illuminate/Database/Connectors/Connector.php(48): Illuminate\\Database\\Connectors\\Connector->tryAgainIfCausedByLostConnection()
#3 /app/www/vendor/laravel/framework/src/Illuminate/Database/Connectors/MySqlConnector.php(24): Illuminate\\Database\\Connectors\\Connector->createConnection()
#4 /app/www/vendor/laravel/framework/src/Illuminate/Database/Connectors/ConnectionFactory.php(184): Illuminate\\Database\\Connectors\\MySqlConnector->connect()
#5 [internal function]: Illuminate\\Database\\Connectors\\ConnectionFactory->{closure:Illuminate\\Database\\Connectors\\ConnectionFactory::createPdoResolverWithHosts():179}()
#6 /app/www/vendor/laravel/framework/src/Illuminate/Database/Connection.php(1236): call_user_func()
#7 /app/www/vendor/laravel/framework/src/Illuminate/Database/Connection.php(1272): Illuminate\\Database\\Connection->getPdo()
#8 /app/www/vendor/laravel/framework/src/Illuminate/Database/Connection.php(511): Illuminate\\Database\\Connection->getReadPdo()
#9 /app/www/vendor/laravel/framework/src/Illuminate/Database/Connection.php(406): Illuminate\\Database\\Connection->getPdoForSelect()
#10 /app/www/vendor/laravel/framework/src/Illuminate/Database/Connection.php(813): Illuminate\\Database\\Connection->{closure:Illuminate\\Database\\Connection::select():397}()
#11 /app/www/vendor/laravel/framework/src/Illuminate/Database/Connection.php(980): Illuminate\\Database\\Connection->runQueryCallback()
#12 /app/www/vendor/laravel/framework/src/Illuminate/Database/Connection.php(959): Illuminate\\Database\\Connection->tryAgainIfCausedByLostConnection()
#13 /app/www/vendor/laravel/framework/src/Illuminate/Database/Connection.php(782): Illuminate\\Database\\Connection->handleQueryException()
#14 /app/www/vendor/laravel/framework/src/Illuminate/Database/Connection.php(397): Illuminate\\Database\\Connection->run()
#15 /app/www/vendor/laravel/framework/src/Illuminate/Database/Query/Builder.php(3188): Illuminate\\Database\\Connection->select()
#16 /app/www/vendor/laravel/framework/src/Illuminate/Database/Query/Builder.php(3173): Illuminate\\Database\\Query\\Builder->runSelect()
#17 /app/www/vendor/laravel/framework/src/Illuminate/Database/Query/Builder.php(3763): Illuminate\\Database\\Query\\Builder->{closure:Illuminate\\Database\\Query\\Builder::get():3172}()
#18 /app/www/vendor/laravel/framework/src/Illuminate/Database/Query/Builder.php(3172): Illuminate\\Database\\Query\\Builder->onceWithColumns()
#19 /app/www/vendor/laravel/framework/src/Illuminate/Database/Eloquent/Builder.php(902): Illuminate\\Database\\Query\\Builder->get()
#20 /app/www/vendor/laravel/framework/src/Illuminate/Database/Eloquent/Builder.php(884): Illuminate\\Database\\Eloquent\\Builder->getModels()
#21 /app/www/vendor/laravel/framework/src/Illuminate/Database/Concerns/BuildsQueries.php(366): Illuminate\\Database\\Eloquent\\Builder->get()
#22 /app/www/app/App/Providers/AuthServiceProvider.php(69): Illuminate\\Database\\Eloquent\\Builder->first()
#23 /app/www/vendor/laravel/framework/src/Illuminate/Container/Container.php(1125): BookStack\\App\\Providers\\AuthServiceProvider->{closure:BookStack\\App\\Providers\\AuthServiceProvider::register():68}()
#24 /app/www/vendor/laravel/framework/src/Illuminate/Container/Container.php(943): Illuminate\\Container\\Container->build()
#25 /app/www/vendor/laravel/framework/src/Illuminate/Foundation/Application.php(1078): Illuminate\\Container\\Container->resolve()
#26 /app/www/vendor/laravel/framework/src/Illuminate/Container/Container.php(874): Illuminate\\Foundation\\Application->resolve()
#27 /app/www/vendor/laravel/framework/src/Illuminate/Foundation/Application.php(1058): Illuminate\\Container\\Container->make()
#28 /app/www/app/Users/Models/User.php(98): Illuminate\\Foundation\\Application->make()
#29 /app/www/app/App/helpers.php(36): BookStack\\Users\\Models\\User::getGuest()
#30 /app/www/app/Http/Middleware/Localization.php(26): user()
#31 /app/www/vendor/laravel/framework/src/Illuminate/Pipeline/Pipeline.php(219): BookStack\\Http\\Middleware\\Localization->handle()
#32 /app/www/app/Http/Middleware/RunThemeActions.php(26): Illuminate\\Pipeline\\Pipeline->{closure:{closure:Illuminate\\Pipeline\\Pipeline::carry():194}:195}()
#33 /app/www/vendor/laravel/framework/src/Illuminate/Pipeline/Pipeline.php(219): BookStack\\Http\\Middleware\\RunThemeActions->handle()
#34 /app/www/app/Http/Middleware/CheckEmailConfirmed.php(47): Illuminate\\Pipeline\\Pipeline->{closure:{closure:Illuminate\\Pipeline\\Pipeline::carry():194}:195}()
#35 /app/www/vendor/laravel/framework/src/Illuminate/Pipeline/Pipeline.php(219): BookStack\\Http\\Middleware\\CheckEmailConfirmed->handle()
#36 /app/www/vendor/laravel/framework/src/Illuminate/Foundation/Http/Middleware/VerifyCsrfToken.php(87): Illuminate\\Pipeline\\Pipeline->{closure:{closure:Illuminate\\Pipeline\\Pipeline::carry():194}:195}()
#37 /app/www/vendor/laravel/framework/src/Illuminate/Pipeline/Pipeline.php(219): Illuminate\\Foundation\\Http\\Middleware\\VerifyCsrfToken->handle()
#38 /app/www/vendor/laravel/framework/src/Illuminate/View/Middleware/ShareErrorsFromSession.php(48): Illuminate\\Pipeline\\Pipeline->{closure:{closure:Illuminate\\Pipeline\\Pipeline::carry():194}:195}()
#39 /app/www/vendor/laravel/framework/src/Illuminate/Pipeline/Pipeline.php(219): Illuminate\\View\\Middleware\\ShareErrorsFromSession->handle()
#40 /app/www/vendor/laravel/framework/src/Illuminate/Session/Middleware/StartSession.php(120): Illuminate\\Pipeline\\Pipeline->{closure:{closure:Illuminate\\Pipeline\\Pipeline::carry():194}:195}()
#41 /app/www/vendor/laravel/framework/src/Illuminate/Session/Middleware/StartSession.php(63): Illuminate\\Session\\Middleware\\StartSession->handleStatefulRequest()
#42 /app/www/vendor/laravel/framework/src/Illuminate/Pipeline/Pipeline.php(219): Illuminate\\Session\\Middleware\\StartSession->handle()
#43 /app/www/vendor/laravel/framework/src/Illuminate/Cookie/Middleware/AddQueuedCookiesToResponse.php(36): Illuminate\\Pipeline\\Pipeline->{closure:{closure:Illuminate\\Pipeline\\Pipeline::carry():194}:195}()
#44 /app/www/vendor/laravel/framework/src/Illuminate/Pipeline/Pipeline.php(219): Illuminate\\Cookie\\Middleware\\AddQueuedCookiesToResponse->handle()
#45 /app/www/vendor/laravel/framework/src/Illuminate/Cookie/Middleware/EncryptCookies.php(74): Illuminate\\Pipeline\\Pipeline->{closure:{closure:Illuminate\\Pipeline\\Pipeline::carry():194}:195}()
#46 /app/www/vendor/laravel/framework/src/Illuminate/Pipeline/Pipeline.php(219): Illuminate\\Cookie\\Middleware\\EncryptCookies->handle()
#47 /app/www/app/Http/Middleware/ApplyCspRules.php(33): Illuminate\\Pipeline\\Pipeline->{closure:{closure:Illuminate\\Pipeline\\Pipeline::carry():194}:195}()
#48 /app/www/vendor/laravel/framework/src/Illuminate/Pipeline/Pipeline.php(219): BookStack\\Http\\Middleware\\ApplyCspRules->handle()
#49 /app/www/vendor/laravel/framework/src/Illuminate/Pipeline/Pipeline.php(137): Illuminate\\Pipeline\\Pipeline->{closure:{closure:Illuminate\\Pipeline\\Pipeline::carry():194}:195}()
#50 /app/www/vendor/laravel/framework/src/Illuminate/Routing/Router.php(821): Illuminate\\Pipeline\\Pipeline->then()
#51 /app/www/vendor/laravel/framework/src/Illuminate/Routing/Router.php(800): Illuminate\\Routing\\Router->runRouteWithinStack()
#52 /app/www/vendor/laravel/framework/src/Illuminate/Routing/Router.php(764): Illuminate\\Routing\\Router->runRoute()
#53 /app/www/vendor/laravel/framework/src/Illuminate/Routing/Router.php(753): Illuminate\\Routing\\Router->dispatchToRoute()
#54 /app/www/vendor/laravel/framework/src/Illuminate/Foundation/Http/Kernel.php(200): Illuminate\\Routing\\Router->dispatch()
#55 /app/www/vendor/laravel/framework/src/Illuminate/Pipeline/Pipeline.php(180): Illuminate\\Foundation\\Http\\Kernel->{closure:Illuminate\\Foundation\\Http\\Kernel::dispatchToRouter():197}()
#56 /app/www/app/Http/Middleware/PreventResponseCaching.php(28): Illuminate\\Pipeline\\Pipeline->{closure:Illuminate\\Pipeline\\Pipeline::prepareDestination():178}()
#57 /app/www/vendor/laravel/framework/src/Illuminate/Pipeline/Pipeline.php(219): BookStack\\Http\\Middleware\\PreventResponseCaching->handle()
#58 /app/www/vendor/laravel/framework/src/Illuminate/Http/Middleware/TrustProxies.php(58): Illuminate\\Pipeline\\Pipeline->{closure:{closure:Illuminate\\Pipeline\\Pipeline::carry():194}:195}()
#59 /app/www/app/Http/Middleware/TrustProxies.php(41): Illuminate\\Http\\Middleware\\TrustProxies->handle()
#60 /app/www/vendor/laravel/framework/src/Illuminate/Pipeline/Pipeline.php(219): BookStack\\Http\\Middleware\\TrustProxies->handle()
#61 /app/www/vendor/laravel/framework/src/Illuminate/Foundation/Http/Middleware/TransformsRequest.php(21): Illuminate\\Pipeline\\Pipeline->{closure:{closure:Illuminate\\Pipeline\\Pipeline::carry():194}:195}()
#62 /app/www/vendor/laravel/framework/src/Illuminate/Foundation/Http/Middleware/TrimStrings.php(51): Illuminate\\Foundation\\Http\\Middleware\\TransformsRequest->handle()
#63 /app/www/vendor/laravel/framework/src/Illuminate/Pipeline/Pipeline.php(219): Illuminate\\Foundation\\Http\\Middleware\\TrimStrings->handle()
#64 /app/www/vendor/laravel/framework/src/Illuminate/Http/Middleware/ValidatePostSize.php(27): Illuminate\\Pipeline\\Pipeline->{closure:{closure:Illuminate\\Pipeline\\Pipeline::carry():194}:195}()
#65 /app/www/vendor/laravel/framework/src/Illuminate/Pipeline/Pipeline.php(219): Illuminate\\Http\\Middleware\\ValidatePostSize->handle()
#66 /app/www/vendor/laravel/framework/src/Illuminate/Foundation/Http/Middleware/PreventRequestsDuringMaintenance.php(109): Illuminate\\Pipeline\\Pipeline->{closure:{closure:Illuminate\\Pipeline\\Pipeline::carry():194}:195}()
#67 /app/www/vendor/laravel/framework/src/Illuminate/Pipeline/Pipeline.php(219): Illuminate\\Foundation\\Http\\Middleware\\PreventRequestsDuringMaintenance->handle()
#68 /app/www/vendor/laravel/framework/src/Illuminate/Pipeline/Pipeline.php(137): Illuminate\\Pipeline\\Pipeline->{closure:{closure:Illuminate\\Pipeline\\Pipeline::carry():194}:195}()
#69 /app/www/vendor/laravel/framework/src/Illuminate/Foundation/Http/Kernel.php(175): Illuminate\\Pipeline\\Pipeline->then()
#70 /app/www/vendor/laravel/framework/src/Illuminate/Foundation/Http/Kernel.php(144): Illuminate\\Foundation\\Http\\Kernel->sendRequestThroughRouter()
#71 /app/www/public/index.php(23): Illuminate\\Foundation\\Http\\Kernel->handle()
#72 {main}
"} 
[2025-12-04 21:51:14] production.ERROR: SQLSTATE[HY000] [1045] Access denied for user 'database_username'@'bookstack.openproject-docker_backend' (using password: YES) (Connection: mysql, SQL: select * from `users` where `system_name` = public limit 1) (View: /app/www/resources/views/layouts/base.blade.php) (View: /app/www/resources/views/layouts/base.blade.php) {"exception":"[object] (Illuminate\\View\\ViewException(code: 0): SQLSTATE[HY000] [1045] Access denied for user 'database_username'@'bookstack.openproject-docker_backend' (using password: YES) (Connection: mysql, SQL: select * from `users` where `system_name` = public limit 1) (View: /app/www/resources/views/layouts/base.blade.php) (View: /app/www/resources/views/layouts/base.blade.php) at /app/www/vendor/laravel/framework/src/Illuminate/Database/Connection.php:826)
[stacktrace]
#0 /app/www/vendor/laravel/framework/src/Illuminate/View/Engines/PhpEngine.php(59): Illuminate\\View\\Engines\\CompilerEngine->handleViewException()
#1 /app/www/vendor/laravel/framework/src/Illuminate/View/Engines/CompilerEngine.php(76): Illuminate\\View\\Engines\\PhpEngine->evaluatePath()
#2 /app/www/vendor/laravel/framework/src/Illuminate/View/View.php(208): Illuminate\\View\\Engines\\CompilerEngine->get()
#3 /app/www/vendor/laravel/framework/src/Illuminate/View/View.php(191): Illuminate\\View\\View->getContents()
#4 /app/www/vendor/laravel/framework/src/Illuminate/View/View.php(160): Illuminate\\View\\View->renderContents()
#5 /app/www/vendor/laravel/framework/src/Illuminate/Http/Response.php(78): Illuminate\\View\\View->render()
#6 /app/www/vendor/laravel/framework/src/Illuminate/Http/Response.php(34): Illuminate\\Http\\Response->setContent()
#7 /app/www/vendor/laravel/framework/src/Illuminate/Routing/ResponseFactory.php(61): Illuminate\\Http\\Response->__construct()
#8 /app/www/vendor/laravel/framework/src/Illuminate/Routing/ResponseFactory.php(91): Illuminate\\Routing\\ResponseFactory->make()
#9 /app/www/vendor/laravel/framework/src/Illuminate/Foundation/Exceptions/Handler.php(926): Illuminate\\Routing\\ResponseFactory->view()
#10 /app/www/vendor/laravel/framework/src/Illuminate/Foundation/Exceptions/Handler.php(847): Illuminate\\Foundation\\Exceptions\\Handler->renderHttpException()
#11 /app/www/vendor/laravel/framework/src/Illuminate/Foundation/Exceptions/Handler.php(738): Illuminate\\Foundation\\Exceptions\\Handler->prepareResponse()
#12 /app/www/vendor/laravel/framework/src/Illuminate/Foundation/Exceptions/Handler.php(626): Illuminate\\Foundation\\Exceptions\\Handler->renderExceptionResponse()
#13 /app/www/app/Exceptions/Handler.php(86): Illuminate\\Foundation\\Exceptions\\Handler->render()
#14 /app/www/vendor/laravel/framework/src/Illuminate/Routing/Pipeline.php(51): BookStack\\Exceptions\\Handler->render()
#15 /app/www/vendor/laravel/framework/src/Illuminate/Pipeline/Pipeline.php(224): Illuminate\\Routing\\Pipeline->handleException()
#16 /app/www/app/Http/Middleware/RunThemeActions.php(26): Illuminate\\Pipeline\\Pipeline->{closure:{closure:Illuminate\\Pipeline\\Pipeline::carry():194}:195}()
#17 /app/www/vendor/laravel/framework/src/Illuminate/Pipeline/Pipeline.php(219): BookStack\\Http\\Middleware\\RunThemeActions->handle()
#18 /app/www/app/Http/Middleware/CheckEmailConfirmed.php(47): Illuminate\\Pipeline\\Pipeline->{closure:{closure:Illuminate\\Pipeline\\Pipeline::carry():194}:195}()
#19 /app/www/vendor/laravel/framework/src/Illuminate/Pipeline/Pipeline.php(219): BookStack\\Http\\Middleware\\CheckEmailConfirmed->handle()
#20 /app/www/vendor/laravel/framework/src/Illuminate/Foundation/Http/Middleware/VerifyCsrfToken.php(87): Illuminate\\Pipeline\\Pipeline->{closure:{closure:Illuminate\\Pipeline\\Pipeline::carry():194}:195}()
#21 /app/www/vendor/laravel/framework/src/Illuminate/Pipeline/Pipeline.php(219): Illuminate\\Foundation\\Http\\Middleware\\VerifyCsrfToken->handle()
#22 /app/www/vendor/laravel/framework/src/Illuminate/View/Middleware/ShareErrorsFromSession.php(48): Illuminate\\Pipeline\\Pipeline->{closure:{closure:Illuminate\\Pipeline\\Pipeline::carry():194}:195}()
#23 /app/www/vendor/laravel/framework/src/Illuminate/Pipeline/Pipeline.php(219): Illuminate\\View\\Middleware\\ShareErrorsFromSession->handle()
#24 /app/www/vendor/laravel/framework/src/Illuminate/Session/Middleware/StartSession.php(120): Illuminate\\Pipeline\\Pipeline->{closure:{closure:Illuminate\\Pipeline\\Pipeline::carry():194}:195}()
#25 /app/www/vendor/laravel/framework/src/Illuminate/Session/Middleware/StartSession.php(63): Illuminate\\Session\\Middleware\\StartSession->handleStatefulRequest()
#26 /app/www/vendor/laravel/framework/src/Illuminate/Pipeline/Pipeline.php(219): Illuminate\\Session\\Middleware\\StartSession->handle()
#27 /app/www/vendor/laravel/framework/src/Illuminate/Cookie/Middleware/AddQueuedCookiesToResponse.php(36): Illuminate\\Pipeline\\Pipeline->{closure:{closure:Illuminate\\Pipeline\\Pipeline::carry():194}:195}()
#28 /app/www/vendor/laravel/framework/src/Illuminate/Pipeline/Pipeline.php(219): Illuminate\\Cookie\\Middleware\\AddQueuedCookiesToResponse->handle()
#29 /app/www/vendor/laravel/framework/src/Illuminate/Cookie/Middleware/EncryptCookies.php(74): Illuminate\\Pipeline\\Pipeline->{closure:{closure:Illuminate\\Pipeline\\Pipeline::carry():194}:195}()
#30 /app/www/vendor/laravel/framework/src/Illuminate/Pipeline/Pipeline.php(219): Illuminate\\Cookie\\Middleware\\EncryptCookies->handle()
#31 /app/www/app/Http/Middleware/ApplyCspRules.php(33): Illuminate\\Pipeline\\Pipeline->{closure:{closure:Illuminate\\Pipeline\\Pipeline::carry():194}:195}()
#32 /app/www/vendor/laravel/framework/src/Illuminate/Pipeline/Pipeline.php(219): BookStack\\Http\\Middleware\\ApplyCspRules->handle()
#33 /app/www/vendor/laravel/framework/src/Illuminate/Pipeline/Pipeline.php(137): Illuminate\\Pipeline\\Pipeline->{closure:{closure:Illuminate\\Pipeline\\Pipeline::carry():194}:195}()
#34 /app/www/vendor/laravel/framework/src/Illuminate/Routing/Router.php(821): Illuminate\\Pipeline\\Pipeline->then()
#35 /app/www/vendor/laravel/framework/src/Illuminate/Routing/Router.php(800): Illuminate\\Routing\\Router->runRouteWithinStack()
#36 /app/www/vendor/laravel/framework/src/Illuminate/Routing/Router.php(764): Illuminate\\Routing\\Router->runRoute()
#37 /app/www/vendor/laravel/framework/src/Illuminate/Routing/Router.php(753): Illuminate\\Routing\\Router->dispatchToRoute()
#38 /app/www/vendor/laravel/framework/src/Illuminate/Foundation/Http/Kernel.php(200): Illuminate\\Routing\\Router->dispatch()
#39 /app/www/vendor/laravel/framework/src/Illuminate/Pipeline/Pipeline.php(180): Illuminate\\Foundation\\Http\\Kernel->{closure:Illuminate\\Foundation\\Http\\Kernel::dispatchToRouter():197}()
#40 /app/www/app/Http/Middleware/PreventResponseCaching.php(28): Illuminate\\Pipeline\\Pipeline->{closure:Illuminate\\Pipeline\\Pipeline::prepareDestination():178}()
#41 /app/www/vendor/laravel/framework/src/Illuminate/Pipeline/Pipeline.php(219): BookStack\\Http\\Middleware\\PreventResponseCaching->handle()
#42 /app/www/vendor/laravel/framework/src/Illuminate/Http/Middleware/TrustProxies.php(58): Illuminate\\Pipeline\\Pipeline->{closure:{closure:Illuminate\\Pipeline\\Pipeline::carry():194}:195}()
#43 /app/www/app/Http/Middleware/TrustProxies.php(41): Illuminate\\Http\\Middleware\\TrustProxies->handle()
#44 /app/www/vendor/laravel/framework/src/Illuminate/Pipeline/Pipeline.php(219): BookStack\\Http\\Middleware\\TrustProxies->handle()
#45 /app/www/vendor/laravel/framework/src/Illuminate/Foundation/Http/Middleware/TransformsRequest.php(21): Illuminate\\Pipeline\\Pipeline->{closure:{closure:Illuminate\\Pipeline\\Pipeline::carry():194}:195}()
#46 /app/www/vendor/laravel/framework/src/Illuminate/Foundation/Http/Middleware/TrimStrings.php(51): Illuminate\\Foundation\\Http\\Middleware\\TransformsRequest->handle()
#47 /app/www/vendor/laravel/framework/src/Illuminate/Pipeline/Pipeline.php(219): Illuminate\\Foundation\\Http\\Middleware\\TrimStrings->handle()
#48 /app/www/vendor/laravel/framework/src/Illuminate/Http/Middleware/ValidatePostSize.php(27): Illuminate\\Pipeline\\Pipeline->{closure:{closure:Illuminate\\Pipeline\\Pipeline::carry():194}:195}()
#49 /app/www/vendor/laravel/framework/src/Illuminate/Pipeline/Pipeline.php(219): Illuminate\\Http\\Middleware\\ValidatePostSize->handle()
#50 /app/www/vendor/laravel/framework/src/Illuminate/Foundation/Http/Middleware/PreventRequestsDuringMaintenance.php(109): Illuminate\\Pipeline\\Pipeline->{closure:{closure:Illuminate\\Pipeline\\Pipeline::carry():194}:195}()
#51 /app/www/vendor/laravel/framework/src/Illuminate/Pipeline/Pipeline.php(219): Illuminate\\Foundation\\Http\\Middleware\\PreventRequestsDuringMaintenance->handle()
#52 /app/www/vendor/laravel/framework/src/Illuminate/Pipeline/Pipeline.php(137): Illuminate\\Pipeline\\Pipeline->{closure:{closure:Illuminate\\Pipeline\\Pipeline::carry():194}:195}()
#53 /app/www/vendor/laravel/framework/src/Illuminate/Foundation/Http/Kernel.php(175): Illuminate\\Pipeline\\Pipeline->then()
#54 /app/www/vendor/laravel/framework/src/Illuminate/Foundation/Http/Kernel.php(144): Illuminate\\Foundation\\Http\\Kernel->sendRequestThroughRouter()
#55 /app/www/public/index.php(23): Illuminate\\Foundation\\Http\\Kernel->handle()
#56 {main}

[previous exception] [object] (Illuminate\\View\\ViewException(code: 0): SQLSTATE[HY000] [1045] Access denied for user 'database_username'@'bookstack.openproject-docker_backend' (using password: YES) (Connection: mysql, SQL: select * from `users` where `system_name` = public limit 1) (View: /app/www/resources/views/layouts/base.blade.php) at /app/www/vendor/laravel/framework/src/Illuminate/Database/Connection.php:826)
[stacktrace]
#0 /app/www/vendor/laravel/framework/src/Illuminate/View/Engines/PhpEngine.php(59): Illuminate\\View\\Engines\\CompilerEngine->handleViewException()
#1 /app/www/vendor/laravel/framework/src/Illuminate/View/Engines/CompilerEngine.php(76): Illuminate\\View\\Engines\\PhpEngine->evaluatePath()
#2 /app/www/vendor/laravel/framework/src/Illuminate/View/View.php(208): Illuminate\\View\\Engines\\CompilerEngine->get()
#3 /app/www/vendor/laravel/framework/src/Illuminate/View/View.php(191): Illuminate\\View\\View->getContents()
#4 /app/www/vendor/laravel/framework/src/Illuminate/View/View.php(160): Illuminate\\View\\View->renderContents()
#5 /config/www/framework/views/8edb2153185ddcede0792056a029bbad.php(16): Illuminate\\View\\View->render()
#6 /app/www/vendor/laravel/framework/src/Illuminate/Filesystem/Filesystem.php(123): require('...')
#7 /app/www/vendor/laravel/framework/src/Illuminate/Filesystem/Filesystem.php(124): Illuminate\\Filesystem\\Filesystem::{closure:Illuminate\\Filesystem\\Filesystem::getRequire():120}()
#8 /app/www/vendor/laravel/framework/src/Illuminate/View/Engines/PhpEngine.php(57): Illuminate\\Filesystem\\Filesystem->getRequire()
#9 /app/www/vendor/laravel/framework/src/Illuminate/View/Engines/CompilerEngine.php(76): Illuminate\\View\\Engines\\PhpEngine->evaluatePath()
#10 /app/www/vendor/laravel/framework/src/Illuminate/View/View.php(208): Illuminate\\View\\Engines\\CompilerEngine->get()
#11 /app/www/vendor/laravel/framework/src/Illuminate/View/View.php(191): Illuminate\\View\\View->getContents()
#12 /app/www/vendor/laravel/framework/src/Illuminate/View/View.php(160): Illuminate\\View\\View->renderContents()
#13 /app/www/vendor/laravel/framework/src/Illuminate/Http/Response.php(78): Illuminate\\View\\View->render()
#14 /app/www/vendor/laravel/framework/src/Illuminate/Http/Response.php(34): Illuminate\\Http\\Response->setContent()
#15 /app/www/vendor/laravel/framework/src/Illuminate/Routing/ResponseFactory.php(61): Illuminate\\Http\\Response->__construct()
#16 /app/www/vendor/laravel/framework/src/Illuminate/Routing/ResponseFactory.php(91): Illuminate\\Routing\\ResponseFactory->make()
#17 /app/www/vendor/laravel/framework/src/Illuminate/Foundation/Exceptions/Handler.php(926): Illuminate\\Routing\\ResponseFactory->view()
#18 /app/www/vendor/laravel/framework/src/Illuminate/Foundation/Exceptions/Handler.php(847): Illuminate\\Foundation\\Exceptions\\Handler->renderHttpException()
#19 /app/www/vendor/laravel/framework/src/Illuminate/Foundation/Exceptions/Handler.php(738): Illuminate\\Foundation\\Exceptions\\Handler->prepareResponse()
#20 /app/www/vendor/laravel/framework/src/Illuminate/Foundation/Exceptions/Handler.php(626): Illuminate\\Foundation\\Exceptions\\Handler->renderExceptionResponse()
#21 /app/www/app/Exceptions/Handler.php(86): Illuminate\\Foundation\\Exceptions\\Handler->render()
#22 /app/www/vendor/laravel/framework/src/Illuminate/Routing/Pipeline.php(51): BookStack\\Exceptions\\Handler->render()
#23 /app/www/vendor/laravel/framework/src/Illuminate/Pipeline/Pipeline.php(224): Illuminate\\Routing\\Pipeline->handleException()
#24 /app/www/app/Http/Middleware/RunThemeActions.php(26): Illuminate\\Pipeline\\Pipeline->{closure:{closure:Illuminate\\Pipeline\\Pipeline::carry():194}:195}()
#25 /app/www/vendor/laravel/framework/src/Illuminate/Pipeline/Pipeline.php(219): BookStack\\Http\\Middleware\\RunThemeActions->handle()
#26 /app/www/app/Http/Middleware/CheckEmailConfirmed.php(47): Illuminate\\Pipeline\\Pipeline->{closure:{closure:Illuminate\\Pipeline\\Pipeline::carry():194}:195}()
#27 /app/www/vendor/laravel/framework/src/Illuminate/Pipeline/Pipeline.php(219): BookStack\\Http\\Middleware\\CheckEmailConfirmed->handle()
#28 /app/www/vendor/laravel/framework/src/Illuminate/Foundation/Http/Middleware/VerifyCsrfToken.php(87): Illuminate\\Pipeline\\Pipeline->{closure:{closure:Illuminate\\Pipeline\\Pipeline::carry():194}:195}()
#29 /app/www/vendor/laravel/framework/src/Illuminate/Pipeline/Pipeline.php(219): Illuminate\\Foundation\\Http\\Middleware\\VerifyCsrfToken->handle()
#30 /app/www/vendor/laravel/framework/src/Illuminate/View/Middleware/ShareErrorsFromSession.php(48): Illuminate\\Pipeline\\Pipeline->{closure:{closure:Illuminate\\Pipeline\\Pipeline::carry():194}:195}()
#31 /app/www/vendor/laravel/framework/src/Illuminate/Pipeline/Pipeline.php(219): Illuminate\\View\\Middleware\\ShareErrorsFromSession->handle()
#32 /app/www/vendor/laravel/framework/src/Illuminate/Session/Middleware/StartSession.php(120): Illuminate\\Pipeline\\Pipeline->{closure:{closure:Illuminate\\Pipeline\\Pipeline::carry():194}:195}()
#33 /app/www/vendor/laravel/framework/src/Illuminate/Session/Middleware/StartSession.php(63): Illuminate\\Session\\Middleware\\StartSession->handleStatefulRequest()
#34 /app/www/vendor/laravel/framework/src/Illuminate/Pipeline/Pipeline.php(219): Illuminate\\Session\\Middleware\\StartSession->handle()
#35 /app/www/vendor/laravel/framework/src/Illuminate/Cookie/Middleware/AddQueuedCookiesToResponse.php(36): Illuminate\\Pipeline\\Pipeline->{closure:{closure:Illuminate\\Pipeline\\Pipeline::carry():194}:195}()
#36 /app/www/vendor/laravel/framework/src/Illuminate/Pipeline/Pipeline.php(219): Illuminate\\Cookie\\Middleware\\AddQueuedCookiesToResponse->handle()
#37 /app/www/vendor/laravel/framework/src/Illuminate/Cookie/Middleware/EncryptCookies.php(74): Illuminate\\Pipeline\\Pipeline->{closure:{closure:Illuminate\\Pipeline\\Pipeline::carry():194}:195}()
#38 /app/www/vendor/laravel/framework/src/Illuminate/Pipeline/Pipeline.php(219): Illuminate\\Cookie\\Middleware\\EncryptCookies->handle()
#39 /app/www/app/Http/Middleware/ApplyCspRules.php(33): Illuminate\\Pipeline\\Pipeline->{closure:{closure:Illuminate\\Pipeline\\Pipeline::carry():194}:195}()
#40 /app/www/vendor/laravel/framework/src/Illuminate/Pipeline/Pipeline.php(219): BookStack\\Http\\Middleware\\ApplyCspRules->handle()
#41 /app/www/vendor/laravel/framework/src/Illuminate/Pipeline/Pipeline.php(137): Illuminate\\Pipeline\\Pipeline->{closure:{closure:Illuminate\\Pipeline\\Pipeline::carry():194}:195}()
#42 /app/www/vendor/laravel/framework/src/Illuminate/Routing/Router.php(821): Illuminate\\Pipeline\\Pipeline->then()
#43 /app/www/vendor/laravel/framework/src/Illuminate/Routing/Router.php(800): Illuminate\\Routing\\Router->runRouteWithinStack()
#44 /app/www/vendor/laravel/framework/src/Illuminate/Routing/Router.php(764): Illuminate\\Routing\\Router->runRoute()
#45 /app/www/vendor/laravel/framework/src/Illuminate/Routing/Router.php(753): Illuminate\\Routing\\Router->dispatchToRoute()
#46 /app/www/vendor/laravel/framework/src/Illuminate/Foundation/Http/Kernel.php(200): Illuminate\\Routing\\Router->dispatch()
#47 /app/www/vendor/laravel/framework/src/Illuminate/Pipeline/Pipeline.php(180): Illuminate\\Foundation\\Http\\Kernel->{closure:Illuminate\\Foundation\\Http\\Kernel::dispatchToRouter():197}()
#48 /app/www/app/Http/Middleware/PreventResponseCaching.php(28): Illuminate\\Pipeline\\Pipeline->{closure:Illuminate\\Pipeline\\Pipeline::prepareDestination():178}()
#49 /app/www/vendor/laravel/framework/src/Illuminate/Pipeline/Pipeline.php(219): BookStack\\Http\\Middleware\\PreventResponseCaching->handle()
#50 /app/www/vendor/laravel/framework/src/Illuminate/Http/Middleware/TrustProxies.php(58): Illuminate\\Pipeline\\Pipeline->{closure:{closure:Illuminate\\Pipeline\\Pipeline::carry():194}:195}()
#51 /app/www/app/Http/Middleware/TrustProxies.php(41): Illuminate\\Http\\Middleware\\TrustProxies->handle()
#52 /app/www/vendor/laravel/framework/src/Illuminate/Pipeline/Pipeline.php(219): BookStack\\Http\\Middleware\\TrustProxies->handle()
#53 /app/www/vendor/laravel/framework/src/Illuminate/Foundation/Http/Middleware/TransformsRequest.php(21): Illuminate\\Pipeline\\Pipeline->{closure:{closure:Illuminate\\Pipeline\\Pipeline::carry():194}:195}()
#54 /app/www/vendor/laravel/framework/src/Illuminate/Foundation/Http/Middleware/TrimStrings.php(51): Illuminate\\Foundation\\Http\\Middleware\\TransformsRequest->handle()
#55 /app/www/vendor/laravel/framework/src/Illuminate/Pipeline/Pipeline.php(219): Illuminate\\Foundation\\Http\\Middleware\\TrimStrings->handle()
#56 /app/www/vendor/laravel/framework/src/Illuminate/Http/Middleware/ValidatePostSize.php(27): Illuminate\\Pipeline\\Pipeline->{closure:{closure:Illuminate\\Pipeline\\Pipeline::carry():194}:195}()
#57 /app/www/vendor/laravel/framework/src/Illuminate/Pipeline/Pipeline.php(219): Illuminate\\Http\\Middleware\\ValidatePostSize->handle()
#58 /app/www/vendor/laravel/framework/src/Illuminate/Foundation/Http/Middleware/PreventRequestsDuringMaintenance.php(109): Illuminate\\Pipeline\\Pipeline->{closure:{closure:Illuminate\\Pipeline\\Pipeline::carry():194}:195}()
#59 /app/www/vendor/laravel/framework/src/Illuminate/Pipeline/Pipeline.php(219): Illuminate\\Foundation\\Http\\Middleware\\PreventRequestsDuringMaintenance->handle()
#60 /app/www/vendor/laravel/framework/src/Illuminate/Pipeline/Pipeline.php(137): Illuminate\\Pipeline\\Pipeline->{closure:{closure:Illuminate\\Pipeline\\Pipeline::carry():194}:195}()
#61 /app/www/vendor/laravel/framework/src/Illuminate/Foundation/Http/Kernel.php(175): Illuminate\\Pipeline\\Pipeline->then()
#62 /app/www/vendor/laravel/framework/src/Illuminate/Foundation/Http/Kernel.php(144): Illuminate\\Foundation\\Http\\Kernel->sendRequestThroughRouter()
#63 /app/www/public/index.php(23): Illuminate\\Foundation\\Http\\Kernel->handle()
#64 {main}

[previous exception] [object] (Illuminate\\Database\\QueryException(code: 1045): SQLSTATE[HY000] [1045] Access denied for user 'database_username'@'bookstack.openproject-docker_backend' (using password: YES) (Connection: mysql, SQL: select * from `users` where `system_name` = public limit 1) at /app/www/vendor/laravel/framework/src/Illuminate/Database/Connection.php:826)
[stacktrace]
#0 /app/www/vendor/laravel/framework/src/Illuminate/Database/Connection.php(980): Illuminate\\Database\\Connection->runQueryCallback()
#1 /app/www/vendor/laravel/framework/src/Illuminate/Database/Connection.php(959): Illuminate\\Database\\Connection->tryAgainIfCausedByLostConnection()
#2 /app/www/vendor/laravel/framework/src/Illuminate/Database/Connection.php(782): Illuminate\\Database\\Connection->handleQueryException()
#3 /app/www/vendor/laravel/framework/src/Illuminate/Database/Connection.php(397): Illuminate\\Database\\Connection->run()
#4 /app/www/vendor/laravel/framework/src/Illuminate/Database/Query/Builder.php(3188): Illuminate\\Database\\Connection->select()
#5 /app/www/vendor/laravel/framework/src/Illuminate/Database/Query/Builder.php(3173): Illuminate\\Database\\Query\\Builder->runSelect()
#6 /app/www/vendor/laravel/framework/src/Illuminate/Database/Query/Builder.php(3763): Illuminate\\Database\\Query\\Builder->{closure:Illuminate\\Database\\Query\\Builder::get():3172}()
#7 /app/www/vendor/laravel/framework/src/Illuminate/Database/Query/Builder.php(3172): Illuminate\\Database\\Query\\Builder->onceWithColumns()
#8 /app/www/vendor/laravel/framework/src/Illuminate/Database/Eloquent/Builder.php(902): Illuminate\\Database\\Query\\Builder->get()
#9 /app/www/vendor/laravel/framework/src/Illuminate/Database/Eloquent/Builder.php(884): Illuminate\\Database\\Eloquent\\Builder->getModels()
#10 /app/www/vendor/laravel/framework/src/Illuminate/Database/Concerns/BuildsQueries.php(366): Illuminate\\Database\\Eloquent\\Builder->get()
#11 /app/www/app/App/Providers/AuthServiceProvider.php(69): Illuminate\\Database\\Eloquent\\Builder->first()
#12 /app/www/vendor/laravel/framework/src/Illuminate/Container/Container.php(1125): BookStack\\App\\Providers\\AuthServiceProvider->{closure:BookStack\\App\\Providers\\AuthServiceProvider::register():68}()
#13 /app/www/vendor/laravel/framework/src/Illuminate/Container/Container.php(943): Illuminate\\Container\\Container->build()
#14 /app/www/vendor/laravel/framework/src/Illuminate/Foundation/Application.php(1078): Illuminate\\Container\\Container->resolve()
#15 /app/www/vendor/laravel/framework/src/Illuminate/Container/Container.php(874): Illuminate\\Foundation\\Application->resolve()
#16 /app/www/vendor/laravel/framework/src/Illuminate/Foundation/Application.php(1058): Illuminate\\Container\\Container->make()
#17 /app/www/app/Users/Models/User.php(98): Illuminate\\Foundation\\Application->make()
#18 /app/www/app/App/helpers.php(36): BookStack\\Users\\Models\\User::getGuest()
#19 /app/www/app/Settings/SettingService.php(62): user()
#20 /config/www/framework/views/d061b6d848142ba4a74aeb2c03a75cf4.php(4): BookStack\\Settings\\SettingService->getForCurrentUser()
#21 /app/www/vendor/laravel/framework/src/Illuminate/Filesystem/Filesystem.php(123): require('...')
#22 /app/www/vendor/laravel/framework/src/Illuminate/Filesystem/Filesystem.php(124): Illuminate\\Filesystem\\Filesystem::{closure:Illuminate\\Filesystem\\Filesystem::getRequire():120}()
#23 /app/www/vendor/laravel/framework/src/Illuminate/View/Engines/PhpEngine.php(57): Illuminate\\Filesystem\\Filesystem->getRequire()
#24 /app/www/vendor/laravel/framework/src/Illuminate/View/Engines/CompilerEngine.php(76): Illuminate\\View\\Engines\\PhpEngine->evaluatePath()
#25 /app/www/vendor/laravel/framework/src/Illuminate/View/View.php(208): Illuminate\\View\\Engines\\CompilerEngine->get()
#26 /app/www/vendor/laravel/framework/src/Illuminate/View/View.php(191): Illuminate\\View\\View->getContents()
#27 /app/www/vendor/laravel/framework/src/Illuminate/View/View.php(160): Illuminate\\View\\View->renderContents()
#28 /config/www/framework/views/8edb2153185ddcede0792056a029bbad.php(16): Illuminate\\View\\View->render()
#29 /app/www/vendor/laravel/framework/src/Illuminate/Filesystem/Filesystem.php(123): require('...')
#30 /app/www/vendor/laravel/framework/src/Illuminate/Filesystem/Filesystem.php(124): Illuminate\\Filesystem\\Filesystem::{closure:Illuminate\\Filesystem\\Filesystem::getRequire():120}()
#31 /app/www/vendor/laravel/framework/src/Illuminate/View/Engines/PhpEngine.php(57): Illuminate\\Filesystem\\Filesystem->getRequire()
#32 /app/www/vendor/laravel/framework/src/Illuminate/View/Engines/CompilerEngine.php(76): Illuminate\\View\\Engines\\PhpEngine->evaluatePath()
#33 /app/www/vendor/laravel/framework/src/Illuminate/View/View.php(208): Illuminate\\View\\Engines\\CompilerEngine->get()
#34 /app/www/vendor/laravel/framework/src/Illuminate/View/View.php(191): Illuminate\\View\\View->getContents()
#35 /app/www/vendor/laravel/framework/src/Illuminate/View/View.php(160): Illuminate\\View\\View->renderContents()
#36 /app/www/vendor/laravel/framework/src/Illuminate/Http/Response.php(78): Illuminate\\View\\View->render()
#37 /app/www/vendor/laravel/framework/src/Illuminate/Http/Response.php(34): Illuminate\\Http\\Response->setContent()
#38 /app/www/vendor/laravel/framework/src/Illuminate/Routing/ResponseFactory.php(61): Illuminate\\Http\\Response->__construct()
#39 /app/www/vendor/laravel/framework/src/Illuminate/Routing/ResponseFactory.php(91): Illuminate\\Routing\\ResponseFactory->make()
#40 /app/www/vendor/laravel/framework/src/Illuminate/Foundation/Exceptions/Handler.php(926): Illuminate\\Routing\\ResponseFactory->view()
#41 /app/www/vendor/laravel/framework/src/Illuminate/Foundation/Exceptions/Handler.php(847): Illuminate\\Foundation\\Exceptions\\Handler->renderHttpException()
#42 /app/www/vendor/laravel/framework/src/Illuminate/Foundation/Exceptions/Handler.php(738): Illuminate\\Foundation\\Exceptions\\Handler->prepareResponse()
#43 /app/www/vendor/laravel/framework/src/Illuminate/Foundation/Exceptions/Handler.php(626): Illuminate\\Foundation\\Exceptions\\Handler->renderExceptionResponse()
#44 /app/www/app/Exceptions/Handler.php(86): Illuminate\\Foundation\\Exceptions\\Handler->render()
#45 /app/www/vendor/laravel/framework/src/Illuminate/Routing/Pipeline.php(51): BookStack\\Exceptions\\Handler->render()
#46 /app/www/vendor/laravel/framework/src/Illuminate/Pipeline/Pipeline.php(224): Illuminate\\Routing\\Pipeline->handleException()
#47 /app/www/app/Http/Middleware/RunThemeActions.php(26): Illuminate\\Pipeline\\Pipeline->{closure:{closure:Illuminate\\Pipeline\\Pipeline::carry():194}:195}()
#48 /app/www/vendor/laravel/framework/src/Illuminate/Pipeline/Pipeline.php(219): BookStack\\Http\\Middleware\\RunThemeActions->handle()
#49 /app/www/app/Http/Middleware/CheckEmailConfirmed.php(47): Illuminate\\Pipeline\\Pipeline->{closure:{closure:Illuminate\\Pipeline\\Pipeline::carry():194}:195}()
#50 /app/www/vendor/laravel/framework/src/Illuminate/Pipeline/Pipeline.php(219): BookStack\\Http\\Middleware\\CheckEmailConfirmed->handle()
#51 /app/www/vendor/laravel/framework/src/Illuminate/Foundation/Http/Middleware/VerifyCsrfToken.php(87): Illuminate\\Pipeline\\Pipeline->{closure:{closure:Illuminate\\Pipeline\\Pipeline::carry():194}:195}()
#52 /app/www/vendor/laravel/framework/src/Illuminate/Pipeline/Pipeline.php(219): Illuminate\\Foundation\\Http\\Middleware\\VerifyCsrfToken->handle()
#53 /app/www/vendor/laravel/framework/src/Illuminate/View/Middleware/ShareErrorsFromSession.php(48): Illuminate\\Pipeline\\Pipeline->{closure:{closure:Illuminate\\Pipeline\\Pipeline::carry():194}:195}()
#54 /app/www/vendor/laravel/framework/src/Illuminate/Pipeline/Pipeline.php(219): Illuminate\\View\\Middleware\\ShareErrorsFromSession->handle()
#55 /app/www/vendor/laravel/framework/src/Illuminate/Session/Middleware/StartSession.php(120): Illuminate\\Pipeline\\Pipeline->{closure:{closure:Illuminate\\Pipeline\\Pipeline::carry():194}:195}()
#56 /app/www/vendor/laravel/framework/src/Illuminate/Session/Middleware/StartSession.php(63): Illuminate\\Session\\Middleware\\StartSession->handleStatefulRequest()
#57 /app/www/vendor/laravel/framework/src/Illuminate/Pipeline/Pipeline.php(219): Illuminate\\Session\\Middleware\\StartSession->handle()
#58 /app/www/vendor/laravel/framework/src/Illuminate/Cookie/Middleware/AddQueuedCookiesToResponse.php(36): Illuminate\\Pipeline\\Pipeline->{closure:{closure:Illuminate\\Pipeline\\Pipeline::carry():194}:195}()
#59 /app/www/vendor/laravel/framework/src/Illuminate/Pipeline/Pipeline.php(219): Illuminate\\Cookie\\Middleware\\AddQueuedCookiesToResponse->handle()
#60 /app/www/vendor/laravel/framework/src/Illuminate/Cookie/Middleware/EncryptCookies.php(74): Illuminate\\Pipeline\\Pipeline->{closure:{closure:Illuminate\\Pipeline\\Pipeline::carry():194}:195}()
#61 /app/www/vendor/laravel/framework/src/Illuminate/Pipeline/Pipeline.php(219): Illuminate\\Cookie\\Middleware\\EncryptCookies->handle()
#62 /app/www/app/Http/Middleware/ApplyCspRules.php(33): Illuminate\\Pipeline\\Pipeline->{closure:{closure:Illuminate\\Pipeline\\Pipeline::carry():194}:195}()
#63 /app/www/vendor/laravel/framework/src/Illuminate/Pipeline/Pipeline.php(219): BookStack\\Http\\Middleware\\ApplyCspRules->handle()
#64 /app/www/vendor/laravel/framework/src/Illuminate/Pipeline/Pipeline.php(137): Illuminate\\Pipeline\\Pipeline->{closure:{closure:Illuminate\\Pipeline\\Pipeline::carry():194}:195}()
#65 /app/www/vendor/laravel/framework/src/Illuminate/Routing/Router.php(821): Illuminate\\Pipeline\\Pipeline->then()
#66 /app/www/vendor/laravel/framework/src/Illuminate/Routing/Router.php(800): Illuminate\\Routing\\Router->runRouteWithinStack()
#67 /app/www/vendor/laravel/framework/src/Illuminate/Routing/Router.php(764): Illuminate\\Routing\\Router->runRoute()
#68 /app/www/vendor/laravel/framework/src/Illuminate/Routing/Router.php(753): Illuminate\\Routing\\Router->dispatchToRoute()
#69 /app/www/vendor/laravel/framework/src/Illuminate/Foundation/Http/Kernel.php(200): Illuminate\\Routing\\Router->dispatch()
#70 /app/www/vendor/laravel/framework/src/Illuminate/Pipeline/Pipeline.php(180): Illuminate\\Foundation\\Http\\Kernel->{closure:Illuminate\\Foundation\\Http\\Kernel::dispatchToRouter():197}()
#71 /app/www/app/Http/Middleware/PreventResponseCaching.php(28): Illuminate\\Pipeline\\Pipeline->{closure:Illuminate\\Pipeline\\Pipeline::prepareDestination():178}()
#72 /app/www/vendor/laravel/framework/src/Illuminate/Pipeline/Pipeline.php(219): BookStack\\Http\\Middleware\\PreventResponseCaching->handle()
#73 /app/www/vendor/laravel/framework/src/Illuminate/Http/Middleware/TrustProxies.php(58): Illuminate\\Pipeline\\Pipeline->{closure:{closure:Illuminate\\Pipeline\\Pipeline::carry():194}:195}()
#74 /app/www/app/Http/Middleware/TrustProxies.php(41): Illuminate\\Http\\Middleware\\TrustProxies->handle()
#75 /app/www/vendor/laravel/framework/src/Illuminate/Pipeline/Pipeline.php(219): BookStack\\Http\\Middleware\\TrustProxies->handle()
#76 /app/www/vendor/laravel/framework/src/Illuminate/Foundation/Http/Middleware/TransformsRequest.php(21): Illuminate\\Pipeline\\Pipeline->{closure:{closure:Illuminate\\Pipeline\\Pipeline::carry():194}:195}()
#77 /app/www/vendor/laravel/framework/src/Illuminate/Foundation/Http/Middleware/TrimStrings.php(51): Illuminate\\Foundation\\Http\\Middleware\\TransformsRequest->handle()
#78 /app/www/vendor/laravel/framework/src/Illuminate/Pipeline/Pipeline.php(219): Illuminate\\Foundation\\Http\\Middleware\\TrimStrings->handle()
#79 /app/www/vendor/laravel/framework/src/Illuminate/Http/Middleware/ValidatePostSize.php(27): Illuminate\\Pipeline\\Pipeline->{closure:{closure:Illuminate\\Pipeline\\Pipeline::carry():194}:195}()
#80 /app/www/vendor/laravel/framework/src/Illuminate/Pipeline/Pipeline.php(219): Illuminate\\Http\\Middleware\\ValidatePostSize->handle()
#81 /app/www/vendor/laravel/framework/src/Illuminate/Foundation/Http/Middleware/PreventRequestsDuringMaintenance.php(109): Illuminate\\Pipeline\\Pipeline->{closure:{closure:Illuminate\\Pipeline\\Pipeline::carry():194}:195}()
#82 /app/www/vendor/laravel/framework/src/Illuminate/Pipeline/Pipeline.php(219): Illuminate\\Foundation\\Http\\Middleware\\PreventRequestsDuringMaintenance->handle()
#83 /app/www/vendor/laravel/framework/src/Illuminate/Pipeline/Pipeline.php(137): Illuminate\\Pipeline\\Pipeline->{closure:{closure:Illuminate\\Pipeline\\Pipeline::carry():194}:195}()
#84 /app/www/vendor/laravel/framework/src/Illuminate/Foundation/Http/Kernel.php(175): Illuminate\\Pipeline\\Pipeline->then()
#85 /app/www/vendor/laravel/framework/src/Illuminate/Foundation/Http/Kernel.php(144): Illuminate\\Foundation\\Http\\Kernel->sendRequestThroughRouter()
#86 /app/www/public/index.php(23): Illuminate\\Foundation\\Http\\Kernel->handle()
#87 {main}

[previous exception] [object] (PDOException(code: 1045): SQLSTATE[HY000] [1045] Access denied for user 'database_username'@'bookstack.openproject-docker_backend' (using password: YES) at /app/www/vendor/laravel/framework/src/Illuminate/Database/Connectors/Connector.php:67)
[stacktrace]
#0 /app/www/vendor/laravel/framework/src/Illuminate/Database/Connectors/Connector.php(67): PDO::connect()
#1 /app/www/vendor/laravel/framework/src/Illuminate/Database/Connectors/Connector.php(85): Illuminate\\Database\\Connectors\\Connector->createPdoConnection()
#2 /app/www/vendor/laravel/framework/src/Illuminate/Database/Connectors/Connector.php(48): Illuminate\\Database\\Connectors\\Connector->tryAgainIfCausedByLostConnection()
#3 /app/www/vendor/laravel/framework/src/Illuminate/Database/Connectors/MySqlConnector.php(24): Illuminate\\Database\\Connectors\\Connector->createConnection()
#4 /app/www/vendor/laravel/framework/src/Illuminate/Database/Connectors/ConnectionFactory.php(184): Illuminate\\Database\\Connectors\\MySqlConnector->connect()
#5 [internal function]: Illuminate\\Database\\Connectors\\ConnectionFactory->{closure:Illuminate\\Database\\Connectors\\ConnectionFactory::createPdoResolverWithHosts():179}()
#6 /app/www/vendor/laravel/framework/src/Illuminate/Database/Connection.php(1236): call_user_func()
#7 /app/www/vendor/laravel/framework/src/Illuminate/Database/Connection.php(1272): Illuminate\\Database\\Connection->getPdo()
#8 /app/www/vendor/laravel/framework/src/Illuminate/Database/Connection.php(511): Illuminate\\Database\\Connection->getReadPdo()
#9 /app/www/vendor/laravel/framework/src/Illuminate/Database/Connection.php(406): Illuminate\\Database\\Connection->getPdoForSelect()
#10 /app/www/vendor/laravel/framework/src/Illuminate/Database/Connection.php(813): Illuminate\\Database\\Connection->{closure:Illuminate\\Database\\Connection::select():397}()
#11 /app/www/vendor/laravel/framework/src/Illuminate/Database/Connection.php(980): Illuminate\\Database\\Connection->runQueryCallback()
#12 /app/www/vendor/laravel/framework/src/Illuminate/Database/Connection.php(959): Illuminate\\Database\\Connection->tryAgainIfCausedByLostConnection()
#13 /app/www/vendor/laravel/framework/src/Illuminate/Database/Connection.php(782): Illuminate\\Database\\Connection->handleQueryException()
#14 /app/www/vendor/laravel/framework/src/Illuminate/Database/Connection.php(397): Illuminate\\Database\\Connection->run()
#15 /app/www/vendor/laravel/framework/src/Illuminate/Database/Query/Builder.php(3188): Illuminate\\Database\\Connection->select()
#16 /app/www/vendor/laravel/framework/src/Illuminate/Database/Query/Builder.php(3173): Illuminate\\Database\\Query\\Builder->runSelect()
#17 /app/www/vendor/laravel/framework/src/Illuminate/Database/Query/Builder.php(3763): Illuminate\\Database\\Query\\Builder->{closure:Illuminate\\Database\\Query\\Builder::get():3172}()
#18 /app/www/vendor/laravel/framework/src/Illuminate/Database/Query/Builder.php(3172): Illuminate\\Database\\Query\\Builder->onceWithColumns()
#19 /app/www/vendor/laravel/framework/src/Illuminate/Database/Eloquent/Builder.php(902): Illuminate\\Database\\Query\\Builder->get()
#20 /app/www/vendor/laravel/framework/src/Illuminate/Database/Eloquent/Builder.php(884): Illuminate\\Database\\Eloquent\\Builder->getModels()
#21 /app/www/vendor/laravel/framework/src/Illuminate/Database/Concerns/BuildsQueries.php(366): Illuminate\\Database\\Eloquent\\Builder->get()
#22 /app/www/app/App/Providers/AuthServiceProvider.php(69): Illuminate\\Database\\Eloquent\\Builder->first()
#23 /app/www/vendor/laravel/framework/src/Illuminate/Container/Container.php(1125): BookStack\\App\\Providers\\AuthServiceProvider->{closure:BookStack\\App\\Providers\\AuthServiceProvider::register():68}()
#24 /app/www/vendor/laravel/framework/src/Illuminate/Container/Container.php(943): Illuminate\\Container\\Container->build()
#25 /app/www/vendor/laravel/framework/src/Illuminate/Foundation/Application.php(1078): Illuminate\\Container\\Container->resolve()
#26 /app/www/vendor/laravel/framework/src/Illuminate/Container/Container.php(874): Illuminate\\Foundation\\Application->resolve()
#27 /app/www/vendor/laravel/framework/src/Illuminate/Foundation/Application.php(1058): Illuminate\\Container\\Container->make()
#28 /app/www/app/Users/Models/User.php(98): Illuminate\\Foundation\\Application->make()
#29 /app/www/app/App/helpers.php(36): BookStack\\Users\\Models\\User::getGuest()
#30 /app/www/app/Settings/SettingService.php(62): user()
#31 /config/www/framework/views/d061b6d848142ba4a74aeb2c03a75cf4.php(4): BookStack\\Settings\\SettingService->getForCurrentUser()
#32 /app/www/vendor/laravel/framework/src/Illuminate/Filesystem/Filesystem.php(123): require('...')
#33 /app/www/vendor/laravel/framework/src/Illuminate/Filesystem/Filesystem.php(124): Illuminate\\Filesystem\\Filesystem::{closure:Illuminate\\Filesystem\\Filesystem::getRequire():120}()
#34 /app/www/vendor/laravel/framework/src/Illuminate/View/Engines/PhpEngine.php(57): Illuminate\\Filesystem\\Filesystem->getRequire()
#35 /app/www/vendor/laravel/framework/src/Illuminate/View/Engines/CompilerEngine.php(76): Illuminate\\View\\Engines\\PhpEngine->evaluatePath()
#36 /app/www/vendor/laravel/framework/src/Illuminate/View/View.php(208): Illuminate\\View\\Engines\\CompilerEngine->get()
#37 /app/www/vendor/laravel/framework/src/Illuminate/View/View.php(191): Illuminate\\View\\View->getContents()
#38 /app/www/vendor/laravel/framework/src/Illuminate/View/View.php(160): Illuminate\\View\\View->renderContents()
#39 /config/www/framework/views/8edb2153185ddcede0792056a029bbad.php(16): Illuminate\\View\\View->render()
#40 /app/www/vendor/laravel/framework/src/Illuminate/Filesystem/Filesystem.php(123): require('...')
#41 /app/www/vendor/laravel/framework/src/Illuminate/Filesystem/Filesystem.php(124): Illuminate\\Filesystem\\Filesystem::{closure:Illuminate\\Filesystem\\Filesystem::getRequire():120}()
#42 /app/www/vendor/laravel/framework/src/Illuminate/View/Engines/PhpEngine.php(57): Illuminate\\Filesystem\\Filesystem->getRequire()
#43 /app/www/vendor/laravel/framework/src/Illuminate/View/Engines/CompilerEngine.php(76): Illuminate\\View\\Engines\\PhpEngine->evaluatePath()
#44 /app/www/vendor/laravel/framework/src/Illuminate/View/View.php(208): Illuminate\\View\\Engines\\CompilerEngine->get()
#45 /app/www/vendor/laravel/framework/src/Illuminate/View/View.php(191): Illuminate\\View\\View->getContents()
#46 /app/www/vendor/laravel/framework/src/Illuminate/View/View.php(160): Illuminate\\View\\View->renderContents()
#47 /app/www/vendor/laravel/framework/src/Illuminate/Http/Response.php(78): Illuminate\\View\\View->render()
#48 /app/www/vendor/laravel/framework/src/Illuminate/Http/Response.php(34): Illuminate\\Http\\Response->setContent()
#49 /app/www/vendor/laravel/framework/src/Illuminate/Routing/ResponseFactory.php(61): Illuminate\\Http\\Response->__construct()
#50 /app/www/vendor/laravel/framework/src/Illuminate/Routing/ResponseFactory.php(91): Illuminate\\Routing\\ResponseFactory->make()
#51 /app/www/vendor/laravel/framework/src/Illuminate/Foundation/Exceptions/Handler.php(926): Illuminate\\Routing\\ResponseFactory->view()
#52 /app/www/vendor/laravel/framework/src/Illuminate/Foundation/Exceptions/Handler.php(847): Illuminate\\Foundation\\Exceptions\\Handler->renderHttpException()
#53 /app/www/vendor/laravel/framework/src/Illuminate/Foundation/Exceptions/Handler.php(738): Illuminate\\Foundation\\Exceptions\\Handler->prepareResponse()
#54 /app/www/vendor/laravel/framework/src/Illuminate/Foundation/Exceptions/Handler.php(626): Illuminate\\Foundation\\Exceptions\\Handler->renderExceptionResponse()
#55 /app/www/app/Exceptions/Handler.php(86): Illuminate\\Foundation\\Exceptions\\Handler->render()
#56 /app/www/vendor/laravel/framework/src/Illuminate/Routing/Pipeline.php(51): BookStack\\Exceptions\\Handler->render()
#57 /app/www/vendor/laravel/framework/src/Illuminate/Pipeline/Pipeline.php(224): Illuminate\\Routing\\Pipeline->handleException()
#58 /app/www/app/Http/Middleware/RunThemeActions.php(26): Illuminate\\Pipeline\\Pipeline->{closure:{closure:Illuminate\\Pipeline\\Pipeline::carry():194}:195}()
#59 /app/www/vendor/laravel/framework/src/Illuminate/Pipeline/Pipeline.php(219): BookStack\\Http\\Middleware\\RunThemeActions->handle()
#60 /app/www/app/Http/Middleware/CheckEmailConfirmed.php(47): Illuminate\\Pipeline\\Pipeline->{closure:{closure:Illuminate\\Pipeline\\Pipeline::carry():194}:195}()
#61 /app/www/vendor/laravel/framework/src/Illuminate/Pipeline/Pipeline.php(219): BookStack\\Http\\Middleware\\CheckEmailConfirmed->handle()
#62 /app/www/vendor/laravel/framework/src/Illuminate/Foundation/Http/Middleware/VerifyCsrfToken.php(87): Illuminate\\Pipeline\\Pipeline->{closure:{closure:Illuminate\\Pipeline\\Pipeline::carry():194}:195}()
#63 /app/www/vendor/laravel/framework/src/Illuminate/Pipeline/Pipeline.php(219): Illuminate\\Foundation\\Http\\Middleware\\VerifyCsrfToken->handle()
#64 /app/www/vendor/laravel/framework/src/Illuminate/View/Middleware/ShareErrorsFromSession.php(48): Illuminate\\Pipeline\\Pipeline->{closure:{closure:Illuminate\\Pipeline\\Pipeline::carry():194}:195}()
#65 /app/www/vendor/laravel/framework/src/Illuminate/Pipeline/Pipeline.php(219): Illuminate\\View\\Middleware\\ShareErrorsFromSession->handle()
#66 /app/www/vendor/laravel/framework/src/Illuminate/Session/Middleware/StartSession.php(120): Illuminate\\Pipeline\\Pipeline->{closure:{closure:Illuminate\\Pipeline\\Pipeline::carry():194}:195}()
#67 /app/www/vendor/laravel/framework/src/Illuminate/Session/Middleware/StartSession.php(63): Illuminate\\Session\\Middleware\\StartSession->handleStatefulRequest()
#68 /app/www/vendor/laravel/framework/src/Illuminate/Pipeline/Pipeline.php(219): Illuminate\\Session\\Middleware\\StartSession->handle()
#69 /app/www/vendor/laravel/framework/src/Illuminate/Cookie/Middleware/AddQueuedCookiesToResponse.php(36): Illuminate\\Pipeline\\Pipeline->{closure:{closure:Illuminate\\Pipeline\\Pipeline::carry():194}:195}()
#70 /app/www/vendor/laravel/framework/src/Illuminate/Pipeline/Pipeline.php(219): Illuminate\\Cookie\\Middleware\\AddQueuedCookiesToResponse->handle()
#71 /app/www/vendor/laravel/framework/src/Illuminate/Cookie/Middleware/EncryptCookies.php(74): Illuminate\\Pipeline\\Pipeline->{closure:{closure:Illuminate\\Pipeline\\Pipeline::carry():194}:195}()
#72 /app/www/vendor/laravel/framework/src/Illuminate/Pipeline/Pipeline.php(219): Illuminate\\Cookie\\Middleware\\EncryptCookies->handle()
#73 /app/www/app/Http/Middleware/ApplyCspRules.php(33): Illuminate\\Pipeline\\Pipeline->{closure:{closure:Illuminate\\Pipeline\\Pipeline::carry():194}:195}()
#74 /app/www/vendor/laravel/framework/src/Illuminate/Pipeline/Pipeline.php(219): BookStack\\Http\\Middleware\\ApplyCspRules->handle()
#75 /app/www/vendor/laravel/framework/src/Illuminate/Pipeline/Pipeline.php(137): Illuminate\\Pipeline\\Pipeline->{closure:{closure:Illuminate\\Pipeline\\Pipeline::carry():194}:195}()
#76 /app/www/vendor/laravel/framework/src/Illuminate/Routing/Router.php(821): Illuminate\\Pipeline\\Pipeline->then()
#77 /app/www/vendor/laravel/framework/src/Illuminate/Routing/Router.php(800): Illuminate\\Routing\\Router->runRouteWithinStack()
#78 /app/www/vendor/laravel/framework/src/Illuminate/Routing/Router.php(764): Illuminate\\Routing\\Router->runRoute()
#79 /app/www/vendor/laravel/framework/src/Illuminate/Routing/Router.php(753): Illuminate\\Routing\\Router->dispatchToRoute()
#80 /app/www/vendor/laravel/framework/src/Illuminate/Foundation/Http/Kernel.php(200): Illuminate\\Routing\\Router->dispatch()
#81 /app/www/vendor/laravel/framework/src/Illuminate/Pipeline/Pipeline.php(180): Illuminate\\Foundation\\Http\\Kernel->{closure:Illuminate\\Foundation\\Http\\Kernel::dispatchToRouter():197}()
#82 /app/www/app/Http/Middleware/PreventResponseCaching.php(28): Illuminate\\Pipeline\\Pipeline->{closure:Illuminate\\Pipeline\\Pipeline::prepareDestination():178}()
#83 /app/www/vendor/laravel/framework/src/Illuminate/Pipeline/Pipeline.php(219): BookStack\\Http\\Middleware\\PreventResponseCaching->handle()
#84 /app/www/vendor/laravel/framework/src/Illuminate/Http/Middleware/TrustProxies.php(58): Illuminate\\Pipeline\\Pipeline->{closure:{closure:Illuminate\\Pipeline\\Pipeline::carry():194}:195}()
#85 /app/www/app/Http/Middleware/TrustProxies.php(41): Illuminate\\Http\\Middleware\\TrustProxies->handle()
#86 /app/www/vendor/laravel/framework/src/Illuminate/Pipeline/Pipeline.php(219): BookStack\\Http\\Middleware\\TrustProxies->handle()
#87 /app/www/vendor/laravel/framework/src/Illuminate/Foundation/Http/Middleware/TransformsRequest.php(21): Illuminate\\Pipeline\\Pipeline->{closure:{closure:Illuminate\\Pipeline\\Pipeline::carry():194}:195}()
#88 /app/www/vendor/laravel/framework/src/Illuminate/Foundation/Http/Middleware/TrimStrings.php(51): Illuminate\\Foundation\\Http\\Middleware\\TransformsRequest->handle()
#89 /app/www/vendor/laravel/framework/src/Illuminate/Pipeline/Pipeline.php(219): Illuminate\\Foundation\\Http\\Middleware\\TrimStrings->handle()
#90 /app/www/vendor/laravel/framework/src/Illuminate/Http/Middleware/ValidatePostSize.php(27): Illuminate\\Pipeline\\Pipeline->{closure:{closure:Illuminate\\Pipeline\\Pipeline::carry():194}:195}()
#91 /app/www/vendor/laravel/framework/src/Illuminate/Pipeline/Pipeline.php(219): Illuminate\\Http\\Middleware\\ValidatePostSize->handle()
#92 /app/www/vendor/laravel/framework/src/Illuminate/Foundation/Http/Middleware/PreventRequestsDuringMaintenance.php(109): Illuminate\\Pipeline\\Pipeline->{closure:{closure:Illuminate\\Pipeline\\Pipeline::carry():194}:195}()
#93 /app/www/vendor/laravel/framework/src/Illuminate/Pipeline/Pipeline.php(219): Illuminate\\Foundation\\Http\\Middleware\\PreventRequestsDuringMaintenance->handle()
#94 /app/www/vendor/laravel/framework/src/Illuminate/Pipeline/Pipeline.php(137): Illuminate\\Pipeline\\Pipeline->{closure:{closure:Illuminate\\Pipeline\\Pipeline::carry():194}:195}()
#95 /app/www/vendor/laravel/framework/src/Illuminate/Foundation/Http/Kernel.php(175): Illuminate\\Pipeline\\Pipeline->then()
#96 /app/www/vendor/laravel/framework/src/Illuminate/Foundation/Http/Kernel.php(144): Illuminate\\Foundation\\Http\\Kernel->sendRequestThroughRouter()
#97 /app/www/public/index.php(23): Illuminate\\Foundation\\Http\\Kernel->handle()
#98 {main}
"} 
[2025-12-04 21:51:29] production.ERROR: SQLSTATE[HY000] [1045] Access denied for user 'database_username'@'bookstack.openproject-docker_backend' (using password: YES) (Connection: mysql, SQL: select * from `users` where `system_name` = public limit 1) {"exception":"[object] (Illuminate\\Database\\QueryException(code: 1045): SQLSTATE[HY000] [1045] Access denied for user 'database_username'@'bookstack.openproject-docker_backend' (using password: YES) (Connection: mysql, SQL: select * from `users` where `system_name` = public limit 1) at /app/www/vendor/laravel/framework/src/Illuminate/Database/Connection.php:826)
[stacktrace]
#0 /app/www/vendor/laravel/framework/src/Illuminate/Database/Connection.php(980): Illuminate\\Database\\Connection->runQueryCallback()
#1 /app/www/vendor/laravel/framework/src/Illuminate/Database/Connection.php(959): Illuminate\\Database\\Connection->tryAgainIfCausedByLostConnection()
#2 /app/www/vendor/laravel/framework/src/Illuminate/Database/Connection.php(782): Illuminate\\Database\\Connection->handleQueryException()
#3 /app/www/vendor/laravel/framework/src/Illuminate/Database/Connection.php(397): Illuminate\\Database\\Connection->run()
#4 /app/www/vendor/laravel/framework/src/Illuminate/Database/Query/Builder.php(3188): Illuminate\\Database\\Connection->select()
#5 /app/www/vendor/laravel/framework/src/Illuminate/Database/Query/Builder.php(3173): Illuminate\\Database\\Query\\Builder->runSelect()
#6 /app/www/vendor/laravel/framework/src/Illuminate/Database/Query/Builder.php(3763): Illuminate\\Database\\Query\\Builder->{closure:Illuminate\\Database\\Query\\Builder::get():3172}()
#7 /app/www/vendor/laravel/framework/src/Illuminate/Database/Query/Builder.php(3172): Illuminate\\Database\\Query\\Builder->onceWithColumns()
#8 /app/www/vendor/laravel/framework/src/Illuminate/Database/Eloquent/Builder.php(902): Illuminate\\Database\\Query\\Builder->get()
#9 /app/www/vendor/laravel/framework/src/Illuminate/Database/Eloquent/Builder.php(884): Illuminate\\Database\\Eloquent\\Builder->getModels()
#10 /app/www/vendor/laravel/framework/src/Illuminate/Database/Concerns/BuildsQueries.php(366): Illuminate\\Database\\Eloquent\\Builder->get()
#11 /app/www/app/App/Providers/AuthServiceProvider.php(69): Illuminate\\Database\\Eloquent\\Builder->first()
#12 /app/www/vendor/laravel/framework/src/Illuminate/Container/Container.php(1125): BookStack\\App\\Providers\\AuthServiceProvider->{closure:BookStack\\App\\Providers\\AuthServiceProvider::register():68}()
#13 /app/www/vendor/laravel/framework/src/Illuminate/Container/Container.php(943): Illuminate\\Container\\Container->build()
#14 /app/www/vendor/laravel/framework/src/Illuminate/Foundation/Application.php(1078): Illuminate\\Container\\Container->resolve()
#15 /app/www/vendor/laravel/framework/src/Illuminate/Container/Container.php(874): Illuminate\\Foundation\\Application->resolve()
#16 /app/www/vendor/laravel/framework/src/Illuminate/Foundation/Application.php(1058): Illuminate\\Container\\Container->make()
#17 /app/www/app/Users/Models/User.php(98): Illuminate\\Foundation\\Application->make()
#18 /app/www/app/App/helpers.php(36): BookStack\\Users\\Models\\User::getGuest()
#19 /app/www/app/Http/Middleware/Localization.php(26): user()
#20 /app/www/vendor/laravel/framework/src/Illuminate/Pipeline/Pipeline.php(219): BookStack\\Http\\Middleware\\Localization->handle()
#21 /app/www/app/Http/Middleware/RunThemeActions.php(26): Illuminate\\Pipeline\\Pipeline->{closure:{closure:Illuminate\\Pipeline\\Pipeline::carry():194}:195}()
#22 /app/www/vendor/laravel/framework/src/Illuminate/Pipeline/Pipeline.php(219): BookStack\\Http\\Middleware\\RunThemeActions->handle()
#23 /app/www/app/Http/Middleware/CheckEmailConfirmed.php(47): Illuminate\\Pipeline\\Pipeline->{closure:{closure:Illuminate\\Pipeline\\Pipeline::carry():194}:195}()
#24 /app/www/vendor/laravel/framework/src/Illuminate/Pipeline/Pipeline.php(219): BookStack\\Http\\Middleware\\CheckEmailConfirmed->handle()
#25 /app/www/vendor/laravel/framework/src/Illuminate/Foundation/Http/Middleware/VerifyCsrfToken.php(87): Illuminate\\Pipeline\\Pipeline->{closure:{closure:Illuminate\\Pipeline\\Pipeline::carry():194}:195}()
#26 /app/www/vendor/laravel/framework/src/Illuminate/Pipeline/Pipeline.php(219): Illuminate\\Foundation\\Http\\Middleware\\VerifyCsrfToken->handle()
#27 /app/www/vendor/laravel/framework/src/Illuminate/View/Middleware/ShareErrorsFromSession.php(48): Illuminate\\Pipeline\\Pipeline->{closure:{closure:Illuminate\\Pipeline\\Pipeline::carry():194}:195}()
#28 /app/www/vendor/laravel/framework/src/Illuminate/Pipeline/Pipeline.php(219): Illuminate\\View\\Middleware\\ShareErrorsFromSession->handle()
#29 /app/www/vendor/laravel/framework/src/Illuminate/Session/Middleware/StartSession.php(120): Illuminate\\Pipeline\\Pipeline->{closure:{closure:Illuminate\\Pipeline\\Pipeline::carry():194}:195}()
#30 /app/www/vendor/laravel/framework/src/Illuminate/Session/Middleware/StartSession.php(63): Illuminate\\Session\\Middleware\\StartSession->handleStatefulRequest()
#31 /app/www/vendor/laravel/framework/src/Illuminate/Pipeline/Pipeline.php(219): Illuminate\\Session\\Middleware\\StartSession->handle()
#32 /app/www/vendor/laravel/framework/src/Illuminate/Cookie/Middleware/AddQueuedCookiesToResponse.php(36): Illuminate\\Pipeline\\Pipeline->{closure:{closure:Illuminate\\Pipeline\\Pipeline::carry():194}:195}()
#33 /app/www/vendor/laravel/framework/src/Illuminate/Pipeline/Pipeline.php(219): Illuminate\\Cookie\\Middleware\\AddQueuedCookiesToResponse->handle()
#34 /app/www/vendor/laravel/framework/src/Illuminate/Cookie/Middleware/EncryptCookies.php(74): Illuminate\\Pipeline\\Pipeline->{closure:{closure:Illuminate\\Pipeline\\Pipeline::carry():194}:195}()
#35 /app/www/vendor/laravel/framework/src/Illuminate/Pipeline/Pipeline.php(219): Illuminate\\Cookie\\Middleware\\EncryptCookies->handle()
#36 /app/www/app/Http/Middleware/ApplyCspRules.php(33): Illuminate\\Pipeline\\Pipeline->{closure:{closure:Illuminate\\Pipeline\\Pipeline::carry():194}:195}()
#37 /app/www/vendor/laravel/framework/src/Illuminate/Pipeline/Pipeline.php(219): BookStack\\Http\\Middleware\\ApplyCspRules->handle()
#38 /app/www/vendor/laravel/framework/src/Illuminate/Pipeline/Pipeline.php(137): Illuminate\\Pipeline\\Pipeline->{closure:{closure:Illuminate\\Pipeline\\Pipeline::carry():194}:195}()
#39 /app/www/vendor/laravel/framework/src/Illuminate/Routing/Router.php(821): Illuminate\\Pipeline\\Pipeline->then()
#40 /app/www/vendor/laravel/framework/src/Illuminate/Routing/Router.php(800): Illuminate\\Routing\\Router->runRouteWithinStack()
#41 /app/www/vendor/laravel/framework/src/Illuminate/Routing/Router.php(764): Illuminate\\Routing\\Router->runRoute()
#42 /app/www/vendor/laravel/framework/src/Illuminate/Routing/Router.php(753): Illuminate\\Routing\\Router->dispatchToRoute()
#43 /app/www/vendor/laravel/framework/src/Illuminate/Foundation/Http/Kernel.php(200): Illuminate\\Routing\\Router->dispatch()
#44 /app/www/vendor/laravel/framework/src/Illuminate/Pipeline/Pipeline.php(180): Illuminate\\Foundation\\Http\\Kernel->{closure:Illuminate\\Foundation\\Http\\Kernel::dispatchToRouter():197}()
#45 /app/www/app/Http/Middleware/PreventResponseCaching.php(28): Illuminate\\Pipeline\\Pipeline->{closure:Illuminate\\Pipeline\\Pipeline::prepareDestination():178}()
#46 /app/www/vendor/laravel/framework/src/Illuminate/Pipeline/Pipeline.php(219): BookStack\\Http\\Middleware\\PreventResponseCaching->handle()
#47 /app/www/vendor/laravel/framework/src/Illuminate/Http/Middleware/TrustProxies.php(58): Illuminate\\Pipeline\\Pipeline->{closure:{closure:Illuminate\\Pipeline\\Pipeline::carry():194}:195}()
#48 /app/www/app/Http/Middleware/TrustProxies.php(41): Illuminate\\Http\\Middleware\\TrustProxies->handle()
#49 /app/www/vendor/laravel/framework/src/Illuminate/Pipeline/Pipeline.php(219): BookStack\\Http\\Middleware\\TrustProxies->handle()
#50 /app/www/vendor/laravel/framework/src/Illuminate/Foundation/Http/Middleware/TransformsRequest.php(21): Illuminate\\Pipeline\\Pipeline->{closure:{closure:Illuminate\\Pipeline\\Pipeline::carry():194}:195}()
#51 /app/www/vendor/laravel/framework/src/Illuminate/Foundation/Http/Middleware/TrimStrings.php(51): Illuminate\\Foundation\\Http\\Middleware\\TransformsRequest->handle()
#52 /app/www/vendor/laravel/framework/src/Illuminate/Pipeline/Pipeline.php(219): Illuminate\\Foundation\\Http\\Middleware\\TrimStrings->handle()
#53 /app/www/vendor/laravel/framework/src/Illuminate/Http/Middleware/ValidatePostSize.php(27): Illuminate\\Pipeline\\Pipeline->{closure:{closure:Illuminate\\Pipeline\\Pipeline::carry():194}:195}()
#54 /app/www/vendor/laravel/framework/src/Illuminate/Pipeline/Pipeline.php(219): Illuminate\\Http\\Middleware\\ValidatePostSize->handle()
#55 /app/www/vendor/laravel/framework/src/Illuminate/Foundation/Http/Middleware/PreventRequestsDuringMaintenance.php(109): Illuminate\\Pipeline\\Pipeline->{closure:{closure:Illuminate\\Pipeline\\Pipeline::carry():194}:195}()
#56 /app/www/vendor/laravel/framework/src/Illuminate/Pipeline/Pipeline.php(219): Illuminate\\Foundation\\Http\\Middleware\\PreventRequestsDuringMaintenance->handle()
#57 /app/www/vendor/laravel/framework/src/Illuminate/Pipeline/Pipeline.php(137): Illuminate\\Pipeline\\Pipeline->{closure:{closure:Illuminate\\Pipeline\\Pipeline::carry():194}:195}()
#58 /app/www/vendor/laravel/framework/src/Illuminate/Foundation/Http/Kernel.php(175): Illuminate\\Pipeline\\Pipeline->then()
#59 /app/www/vendor/laravel/framework/src/Illuminate/Foundation/Http/Kernel.php(144): Illuminate\\Foundation\\Http\\Kernel->sendRequestThroughRouter()
#60 /app/www/public/index.php(23): Illuminate\\Foundation\\Http\\Kernel->handle()
#61 {main}

[previous exception] [object] (PDOException(code: 1045): SQLSTATE[HY000] [1045] Access denied for user 'database_username'@'bookstack.openproject-docker_backend' (using password: YES) at /app/www/vendor/laravel/framework/src/Illuminate/Database/Connectors/Connector.php:67)
[stacktrace]
#0 /app/www/vendor/laravel/framework/src/Illuminate/Database/Connectors/Connector.php(67): PDO::connect()
#1 /app/www/vendor/laravel/framework/src/Illuminate/Database/Connectors/Connector.php(85): Illuminate\\Database\\Connectors\\Connector->createPdoConnection()
#2 /app/www/vendor/laravel/framework/src/Illuminate/Database/Connectors/Connector.php(48): Illuminate\\Database\\Connectors\\Connector->tryAgainIfCausedByLostConnection()
#3 /app/www/vendor/laravel/framework/src/Illuminate/Database/Connectors/MySqlConnector.php(24): Illuminate\\Database\\Connectors\\Connector->createConnection()
#4 /app/www/vendor/laravel/framework/src/Illuminate/Database/Connectors/ConnectionFactory.php(184): Illuminate\\Database\\Connectors\\MySqlConnector->connect()
#5 [internal function]: Illuminate\\Database\\Connectors\\ConnectionFactory->{closure:Illuminate\\Database\\Connectors\\ConnectionFactory::createPdoResolverWithHosts():179}()
#6 /app/www/vendor/laravel/framework/src/Illuminate/Database/Connection.php(1236): call_user_func()
#7 /app/www/vendor/laravel/framework/src/Illuminate/Database/Connection.php(1272): Illuminate\\Database\\Connection->getPdo()
#8 /app/www/vendor/laravel/framework/src/Illuminate/Database/Connection.php(511): Illuminate\\Database\\Connection->getReadPdo()
#9 /app/www/vendor/laravel/framework/src/Illuminate/Database/Connection.php(406): Illuminate\\Database\\Connection->getPdoForSelect()
#10 /app/www/vendor/laravel/framework/src/Illuminate/Database/Connection.php(813): Illuminate\\Database\\Connection->{closure:Illuminate\\Database\\Connection::select():397}()
#11 /app/www/vendor/laravel/framework/src/Illuminate/Database/Connection.php(980): Illuminate\\Database\\Connection->runQueryCallback()
#12 /app/www/vendor/laravel/framework/src/Illuminate/Database/Connection.php(959): Illuminate\\Database\\Connection->tryAgainIfCausedByLostConnection()
#13 /app/www/vendor/laravel/framework/src/Illuminate/Database/Connection.php(782): Illuminate\\Database\\Connection->handleQueryException()
#14 /app/www/vendor/laravel/framework/src/Illuminate/Database/Connection.php(397): Illuminate\\Database\\Connection->run()
#15 /app/www/vendor/laravel/framework/src/Illuminate/Database/Query/Builder.php(3188): Illuminate\\Database\\Connection->select()
#16 /app/www/vendor/laravel/framework/src/Illuminate/Database/Query/Builder.php(3173): Illuminate\\Database\\Query\\Builder->runSelect()
#17 /app/www/vendor/laravel/framework/src/Illuminate/Database/Query/Builder.php(3763): Illuminate\\Database\\Query\\Builder->{closure:Illuminate\\Database\\Query\\Builder::get():3172}()
#18 /app/www/vendor/laravel/framework/src/Illuminate/Database/Query/Builder.php(3172): Illuminate\\Database\\Query\\Builder->onceWithColumns()
#19 /app/www/vendor/laravel/framework/src/Illuminate/Database/Eloquent/Builder.php(902): Illuminate\\Database\\Query\\Builder->get()
#20 /app/www/vendor/laravel/framework/src/Illuminate/Database/Eloquent/Builder.php(884): Illuminate\\Database\\Eloquent\\Builder->getModels()
#21 /app/www/vendor/laravel/framework/src/Illuminate/Database/Concerns/BuildsQueries.php(366): Illuminate\\Database\\Eloquent\\Builder->get()
#22 /app/www/app/App/Providers/AuthServiceProvider.php(69): Illuminate\\Database\\Eloquent\\Builder->first()
#23 /app/www/vendor/laravel/framework/src/Illuminate/Container/Container.php(1125): BookStack\\App\\Providers\\AuthServiceProvider->{closure:BookStack\\App\\Providers\\AuthServiceProvider::register():68}()
#24 /app/www/vendor/laravel/framework/src/Illuminate/Container/Container.php(943): Illuminate\\Container\\Container->build()
#25 /app/www/vendor/laravel/framework/src/Illuminate/Foundation/Application.php(1078): Illuminate\\Container\\Container->resolve()
#26 /app/www/vendor/laravel/framework/src/Illuminate/Container/Container.php(874): Illuminate\\Foundation\\Application->resolve()
#27 /app/www/vendor/laravel/framework/src/Illuminate/Foundation/Application.php(1058): Illuminate\\Container\\Container->make()
#28 /app/www/app/Users/Models/User.php(98): Illuminate\\Foundation\\Application->make()
#29 /app/www/app/App/helpers.php(36): BookStack\\Users\\Models\\User::getGuest()
#30 /app/www/app/Http/Middleware/Localization.php(26): user()
#31 /app/www/vendor/laravel/framework/src/Illuminate/Pipeline/Pipeline.php(219): BookStack\\Http\\Middleware\\Localization->handle()
#32 /app/www/app/Http/Middleware/RunThemeActions.php(26): Illuminate\\Pipeline\\Pipeline->{closure:{closure:Illuminate\\Pipeline\\Pipeline::carry():194}:195}()
#33 /app/www/vendor/laravel/framework/src/Illuminate/Pipeline/Pipeline.php(219): BookStack\\Http\\Middleware\\RunThemeActions->handle()
#34 /app/www/app/Http/Middleware/CheckEmailConfirmed.php(47): Illuminate\\Pipeline\\Pipeline->{closure:{closure:Illuminate\\Pipeline\\Pipeline::carry():194}:195}()
#35 /app/www/vendor/laravel/framework/src/Illuminate/Pipeline/Pipeline.php(219): BookStack\\Http\\Middleware\\CheckEmailConfirmed->handle()
#36 /app/www/vendor/laravel/framework/src/Illuminate/Foundation/Http/Middleware/VerifyCsrfToken.php(87): Illuminate\\Pipeline\\Pipeline->{closure:{closure:Illuminate\\Pipeline\\Pipeline::carry():194}:195}()
#37 /app/www/vendor/laravel/framework/src/Illuminate/Pipeline/Pipeline.php(219): Illuminate\\Foundation\\Http\\Middleware\\VerifyCsrfToken->handle()
#38 /app/www/vendor/laravel/framework/src/Illuminate/View/Middleware/ShareErrorsFromSession.php(48): Illuminate\\Pipeline\\Pipeline->{closure:{closure:Illuminate\\Pipeline\\Pipeline::carry():194}:195}()
#39 /app/www/vendor/laravel/framework/src/Illuminate/Pipeline/Pipeline.php(219): Illuminate\\View\\Middleware\\ShareErrorsFromSession->handle()
#40 /app/www/vendor/laravel/framework/src/Illuminate/Session/Middleware/StartSession.php(120): Illuminate\\Pipeline\\Pipeline->{closure:{closure:Illuminate\\Pipeline\\Pipeline::carry():194}:195}()
#41 /app/www/vendor/laravel/framework/src/Illuminate/Session/Middleware/StartSession.php(63): Illuminate\\Session\\Middleware\\StartSession->handleStatefulRequest()
#42 /app/www/vendor/laravel/framework/src/Illuminate/Pipeline/Pipeline.php(219): Illuminate\\Session\\Middleware\\StartSession->handle()
#43 /app/www/vendor/laravel/framework/src/Illuminate/Cookie/Middleware/AddQueuedCookiesToResponse.php(36): Illuminate\\Pipeline\\Pipeline->{closure:{closure:Illuminate\\Pipeline\\Pipeline::carry():194}:195}()
#44 /app/www/vendor/laravel/framework/src/Illuminate/Pipeline/Pipeline.php(219): Illuminate\\Cookie\\Middleware\\AddQueuedCookiesToResponse->handle()
#45 /app/www/vendor/laravel/framework/src/Illuminate/Cookie/Middleware/EncryptCookies.php(74): Illuminate\\Pipeline\\Pipeline->{closure:{closure:Illuminate\\Pipeline\\Pipeline::carry():194}:195}()
#46 /app/www/vendor/laravel/framework/src/Illuminate/Pipeline/Pipeline.php(219): Illuminate\\Cookie\\Middleware\\EncryptCookies->handle()
#47 /app/www/app/Http/Middleware/ApplyCspRules.php(33): Illuminate\\Pipeline\\Pipeline->{closure:{closure:Illuminate\\Pipeline\\Pipeline::carry():194}:195}()
#48 /app/www/vendor/laravel/framework/src/Illuminate/Pipeline/Pipeline.php(219): BookStack\\Http\\Middleware\\ApplyCspRules->handle()
#49 /app/www/vendor/laravel/framework/src/Illuminate/Pipeline/Pipeline.php(137): Illuminate\\Pipeline\\Pipeline->{closure:{closure:Illuminate\\Pipeline\\Pipeline::carry():194}:195}()
#50 /app/www/vendor/laravel/framework/src/Illuminate/Routing/Router.php(821): Illuminate\\Pipeline\\Pipeline->then()
#51 /app/www/vendor/laravel/framework/src/Illuminate/Routing/Router.php(800): Illuminate\\Routing\\Router->runRouteWithinStack()
#52 /app/www/vendor/laravel/framework/src/Illuminate/Routing/Router.php(764): Illuminate\\Routing\\Router->runRoute()
#53 /app/www/vendor/laravel/framework/src/Illuminate/Routing/Router.php(753): Illuminate\\Routing\\Router->dispatchToRoute()
#54 /app/www/vendor/laravel/framework/src/Illuminate/Foundation/Http/Kernel.php(200): Illuminate\\Routing\\Router->dispatch()
#55 /app/www/vendor/laravel/framework/src/Illuminate/Pipeline/Pipeline.php(180): Illuminate\\Foundation\\Http\\Kernel->{closure:Illuminate\\Foundation\\Http\\Kernel::dispatchToRouter():197}()
#56 /app/www/app/Http/Middleware/PreventResponseCaching.php(28): Illuminate\\Pipeline\\Pipeline->{closure:Illuminate\\Pipeline\\Pipeline::prepareDestination():178}()
#57 /app/www/vendor/laravel/framework/src/Illuminate/Pipeline/Pipeline.php(219): BookStack\\Http\\Middleware\\PreventResponseCaching->handle()
#58 /app/www/vendor/laravel/framework/src/Illuminate/Http/Middleware/TrustProxies.php(58): Illuminate\\Pipeline\\Pipeline->{closure:{closure:Illuminate\\Pipeline\\Pipeline::carry():194}:195}()
#59 /app/www/app/Http/Middleware/TrustProxies.php(41): Illuminate\\Http\\Middleware\\TrustProxies->handle()
#60 /app/www/vendor/laravel/framework/src/Illuminate/Pipeline/Pipeline.php(219): BookStack\\Http\\Middleware\\TrustProxies->handle()
#61 /app/www/vendor/laravel/framework/src/Illuminate/Foundation/Http/Middleware/TransformsRequest.php(21): Illuminate\\Pipeline\\Pipeline->{closure:{closure:Illuminate\\Pipeline\\Pipeline::carry():194}:195}()
#62 /app/www/vendor/laravel/framework/src/Illuminate/Foundation/Http/Middleware/TrimStrings.php(51): Illuminate\\Foundation\\Http\\Middleware\\TransformsRequest->handle()
#63 /app/www/vendor/laravel/framework/src/Illuminate/Pipeline/Pipeline.php(219): Illuminate\\Foundation\\Http\\Middleware\\TrimStrings->handle()
#64 /app/www/vendor/laravel/framework/src/Illuminate/Http/Middleware/ValidatePostSize.php(27): Illuminate\\Pipeline\\Pipeline->{closure:{closure:Illuminate\\Pipeline\\Pipeline::carry():194}:195}()
#65 /app/www/vendor/laravel/framework/src/Illuminate/Pipeline/Pipeline.php(219): Illuminate\\Http\\Middleware\\ValidatePostSize->handle()
#66 /app/www/vendor/laravel/framework/src/Illuminate/Foundation/Http/Middleware/PreventRequestsDuringMaintenance.php(109): Illuminate\\Pipeline\\Pipeline->{closure:{closure:Illuminate\\Pipeline\\Pipeline::carry():194}:195}()
#67 /app/www/vendor/laravel/framework/src/Illuminate/Pipeline/Pipeline.php(219): Illuminate\\Foundation\\Http\\Middleware\\PreventRequestsDuringMaintenance->handle()
#68 /app/www/vendor/laravel/framework/src/Illuminate/Pipeline/Pipeline.php(137): Illuminate\\Pipeline\\Pipeline->{closure:{closure:Illuminate\\Pipeline\\Pipeline::carry():194}:195}()
#69 /app/www/vendor/laravel/framework/src/Illuminate/Foundation/Http/Kernel.php(175): Illuminate\\Pipeline\\Pipeline->then()
#70 /app/www/vendor/laravel/framework/src/Illuminate/Foundation/Http/Kernel.php(144): Illuminate\\Foundation\\Http\\Kernel->sendRequestThroughRouter()
#71 /app/www/public/index.php(23): Illuminate\\Foundation\\Http\\Kernel->handle()
#72 {main}
"} 
[2025-12-04 21:51:29] production.ERROR: SQLSTATE[HY000] [1045] Access denied for user 'database_username'@'bookstack.openproject-docker_backend' (using password: YES) (Connection: mysql, SQL: select * from `users` where `system_name` = public limit 1) (View: /app/www/resources/views/layouts/base.blade.php) (View: /app/www/resources/views/layouts/base.blade.php) {"exception":"[object] (Illuminate\\View\\ViewException(code: 0): SQLSTATE[HY000] [1045] Access denied for user 'database_username'@'bookstack.openproject-docker_backend' (using password: YES) (Connection: mysql, SQL: select * from `users` where `system_name` = public limit 1) (View: /app/www/resources/views/layouts/base.blade.php) (View: /app/www/resources/views/layouts/base.blade.php) at /app/www/vendor/laravel/framework/src/Illuminate/Database/Connection.php:826)
[stacktrace]
#0 /app/www/vendor/laravel/framework/src/Illuminate/View/Engines/PhpEngine.php(59): Illuminate\\View\\Engines\\CompilerEngine->handleViewException()
#1 /app/www/vendor/laravel/framework/src/Illuminate/View/Engines/CompilerEngine.php(76): Illuminate\\View\\Engines\\PhpEngine->evaluatePath()
#2 /app/www/vendor/laravel/framework/src/Illuminate/View/View.php(208): Illuminate\\View\\Engines\\CompilerEngine->get()
#3 /app/www/vendor/laravel/framework/src/Illuminate/View/View.php(191): Illuminate\\View\\View->getContents()
#4 /app/www/vendor/laravel/framework/src/Illuminate/View/View.php(160): Illuminate\\View\\View->renderContents()
#5 /app/www/vendor/laravel/framework/src/Illuminate/Http/Response.php(78): Illuminate\\View\\View->render()
#6 /app/www/vendor/laravel/framework/src/Illuminate/Http/Response.php(34): Illuminate\\Http\\Response->setContent()
#7 /app/www/vendor/laravel/framework/src/Illuminate/Routing/ResponseFactory.php(61): Illuminate\\Http\\Response->__construct()
#8 /app/www/vendor/laravel/framework/src/Illuminate/Routing/ResponseFactory.php(91): Illuminate\\Routing\\ResponseFactory->make()
#9 /app/www/vendor/laravel/framework/src/Illuminate/Foundation/Exceptions/Handler.php(926): Illuminate\\Routing\\ResponseFactory->view()
#10 /app/www/vendor/laravel/framework/src/Illuminate/Foundation/Exceptions/Handler.php(847): Illuminate\\Foundation\\Exceptions\\Handler->renderHttpException()
#11 /app/www/vendor/laravel/framework/src/Illuminate/Foundation/Exceptions/Handler.php(738): Illuminate\\Foundation\\Exceptions\\Handler->prepareResponse()
#12 /app/www/vendor/laravel/framework/src/Illuminate/Foundation/Exceptions/Handler.php(626): Illuminate\\Foundation\\Exceptions\\Handler->renderExceptionResponse()
#13 /app/www/app/Exceptions/Handler.php(86): Illuminate\\Foundation\\Exceptions\\Handler->render()
#14 /app/www/vendor/laravel/framework/src/Illuminate/Routing/Pipeline.php(51): BookStack\\Exceptions\\Handler->render()
#15 /app/www/vendor/laravel/framework/src/Illuminate/Pipeline/Pipeline.php(224): Illuminate\\Routing\\Pipeline->handleException()
#16 /app/www/app/Http/Middleware/RunThemeActions.php(26): Illuminate\\Pipeline\\Pipeline->{closure:{closure:Illuminate\\Pipeline\\Pipeline::carry():194}:195}()
#17 /app/www/vendor/laravel/framework/src/Illuminate/Pipeline/Pipeline.php(219): BookStack\\Http\\Middleware\\RunThemeActions->handle()
#18 /app/www/app/Http/Middleware/CheckEmailConfirmed.php(47): Illuminate\\Pipeline\\Pipeline->{closure:{closure:Illuminate\\Pipeline\\Pipeline::carry():194}:195}()
#19 /app/www/vendor/laravel/framework/src/Illuminate/Pipeline/Pipeline.php(219): BookStack\\Http\\Middleware\\CheckEmailConfirmed->handle()
#20 /app/www/vendor/laravel/framework/src/Illuminate/Foundation/Http/Middleware/VerifyCsrfToken.php(87): Illuminate\\Pipeline\\Pipeline->{closure:{closure:Illuminate\\Pipeline\\Pipeline::carry():194}:195}()
#21 /app/www/vendor/laravel/framework/src/Illuminate/Pipeline/Pipeline.php(219): Illuminate\\Foundation\\Http\\Middleware\\VerifyCsrfToken->handle()
#22 /app/www/vendor/laravel/framework/src/Illuminate/View/Middleware/ShareErrorsFromSession.php(48): Illuminate\\Pipeline\\Pipeline->{closure:{closure:Illuminate\\Pipeline\\Pipeline::carry():194}:195}()
#23 /app/www/vendor/laravel/framework/src/Illuminate/Pipeline/Pipeline.php(219): Illuminate\\View\\Middleware\\ShareErrorsFromSession->handle()
#24 /app/www/vendor/laravel/framework/src/Illuminate/Session/Middleware/StartSession.php(120): Illuminate\\Pipeline\\Pipeline->{closure:{closure:Illuminate\\Pipeline\\Pipeline::carry():194}:195}()
#25 /app/www/vendor/laravel/framework/src/Illuminate/Session/Middleware/StartSession.php(63): Illuminate\\Session\\Middleware\\StartSession->handleStatefulRequest()
#26 /app/www/vendor/laravel/framework/src/Illuminate/Pipeline/Pipeline.php(219): Illuminate\\Session\\Middleware\\StartSession->handle()
#27 /app/www/vendor/laravel/framework/src/Illuminate/Cookie/Middleware/AddQueuedCookiesToResponse.php(36): Illuminate\\Pipeline\\Pipeline->{closure:{closure:Illuminate\\Pipeline\\Pipeline::carry():194}:195}()
#28 /app/www/vendor/laravel/framework/src/Illuminate/Pipeline/Pipeline.php(219): Illuminate\\Cookie\\Middleware\\AddQueuedCookiesToResponse->handle()
#29 /app/www/vendor/laravel/framework/src/Illuminate/Cookie/Middleware/EncryptCookies.php(74): Illuminate\\Pipeline\\Pipeline->{closure:{closure:Illuminate\\Pipeline\\Pipeline::carry():194}:195}()
#30 /app/www/vendor/laravel/framework/src/Illuminate/Pipeline/Pipeline.php(219): Illuminate\\Cookie\\Middleware\\EncryptCookies->handle()
#31 /app/www/app/Http/Middleware/ApplyCspRules.php(33): Illuminate\\Pipeline\\Pipeline->{closure:{closure:Illuminate\\Pipeline\\Pipeline::carry():194}:195}()
#32 /app/www/vendor/laravel/framework/src/Illuminate/Pipeline/Pipeline.php(219): BookStack\\Http\\Middleware\\ApplyCspRules->handle()
#33 /app/www/vendor/laravel/framework/src/Illuminate/Pipeline/Pipeline.php(137): Illuminate\\Pipeline\\Pipeline->{closure:{closure:Illuminate\\Pipeline\\Pipeline::carry():194}:195}()
#34 /app/www/vendor/laravel/framework/src/Illuminate/Routing/Router.php(821): Illuminate\\Pipeline\\Pipeline->then()
#35 /app/www/vendor/laravel/framework/src/Illuminate/Routing/Router.php(800): Illuminate\\Routing\\Router->runRouteWithinStack()
#36 /app/www/vendor/laravel/framework/src/Illuminate/Routing/Router.php(764): Illuminate\\Routing\\Router->runRoute()
#37 /app/www/vendor/laravel/framework/src/Illuminate/Routing/Router.php(753): Illuminate\\Routing\\Router->dispatchToRoute()
#38 /app/www/vendor/laravel/framework/src/Illuminate/Foundation/Http/Kernel.php(200): Illuminate\\Routing\\Router->dispatch()
#39 /app/www/vendor/laravel/framework/src/Illuminate/Pipeline/Pipeline.php(180): Illuminate\\Foundation\\Http\\Kernel->{closure:Illuminate\\Foundation\\Http\\Kernel::dispatchToRouter():197}()
#40 /app/www/app/Http/Middleware/PreventResponseCaching.php(28): Illuminate\\Pipeline\\Pipeline->{closure:Illuminate\\Pipeline\\Pipeline::prepareDestination():178}()
#41 /app/www/vendor/laravel/framework/src/Illuminate/Pipeline/Pipeline.php(219): BookStack\\Http\\Middleware\\PreventResponseCaching->handle()
#42 /app/www/vendor/laravel/framework/src/Illuminate/Http/Middleware/TrustProxies.php(58): Illuminate\\Pipeline\\Pipeline->{closure:{closure:Illuminate\\Pipeline\\Pipeline::carry():194}:195}()
#43 /app/www/app/Http/Middleware/TrustProxies.php(41): Illuminate\\Http\\Middleware\\TrustProxies->handle()
#44 /app/www/vendor/laravel/framework/src/Illuminate/Pipeline/Pipeline.php(219): BookStack\\Http\\Middleware\\TrustProxies->handle()
#45 /app/www/vendor/laravel/framework/src/Illuminate/Foundation/Http/Middleware/TransformsRequest.php(21): Illuminate\\Pipeline\\Pipeline->{closure:{closure:Illuminate\\Pipeline\\Pipeline::carry():194}:195}()
#46 /app/www/vendor/laravel/framework/src/Illuminate/Foundation/Http/Middleware/TrimStrings.php(51): Illuminate\\Foundation\\Http\\Middleware\\TransformsRequest->handle()
#47 /app/www/vendor/laravel/framework/src/Illuminate/Pipeline/Pipeline.php(219): Illuminate\\Foundation\\Http\\Middleware\\TrimStrings->handle()
#48 /app/www/vendor/laravel/framework/src/Illuminate/Http/Middleware/ValidatePostSize.php(27): Illuminate\\Pipeline\\Pipeline->{closure:{closure:Illuminate\\Pipeline\\Pipeline::carry():194}:195}()
#49 /app/www/vendor/laravel/framework/src/Illuminate/Pipeline/Pipeline.php(219): Illuminate\\Http\\Middleware\\ValidatePostSize->handle()
#50 /app/www/vendor/laravel/framework/src/Illuminate/Foundation/Http/Middleware/PreventRequestsDuringMaintenance.php(109): Illuminate\\Pipeline\\Pipeline->{closure:{closure:Illuminate\\Pipeline\\Pipeline::carry():194}:195}()
#51 /app/www/vendor/laravel/framework/src/Illuminate/Pipeline/Pipeline.php(219): Illuminate\\Foundation\\Http\\Middleware\\PreventRequestsDuringMaintenance->handle()
#52 /app/www/vendor/laravel/framework/src/Illuminate/Pipeline/Pipeline.php(137): Illuminate\\Pipeline\\Pipeline->{closure:{closure:Illuminate\\Pipeline\\Pipeline::carry():194}:195}()
#53 /app/www/vendor/laravel/framework/src/Illuminate/Foundation/Http/Kernel.php(175): Illuminate\\Pipeline\\Pipeline->then()
#54 /app/www/vendor/laravel/framework/src/Illuminate/Foundation/Http/Kernel.php(144): Illuminate\\Foundation\\Http\\Kernel->sendRequestThroughRouter()
#55 /app/www/public/index.php(23): Illuminate\\Foundation\\Http\\Kernel->handle()
#56 {main}

[previous exception] [object] (Illuminate\\View\\ViewException(code: 0): SQLSTATE[HY000] [1045] Access denied for user 'database_username'@'bookstack.openproject-docker_backend' (using password: YES) (Connection: mysql, SQL: select * from `users` where `system_name` = public limit 1) (View: /app/www/resources/views/layouts/base.blade.php) at /app/www/vendor/laravel/framework/src/Illuminate/Database/Connection.php:826)
[stacktrace]
#0 /app/www/vendor/laravel/framework/src/Illuminate/View/Engines/PhpEngine.php(59): Illuminate\\View\\Engines\\CompilerEngine->handleViewException()
#1 /app/www/vendor/laravel/framework/src/Illuminate/View/Engines/CompilerEngine.php(76): Illuminate\\View\\Engines\\PhpEngine->evaluatePath()
#2 /app/www/vendor/laravel/framework/src/Illuminate/View/View.php(208): Illuminate\\View\\Engines\\CompilerEngine->get()
#3 /app/www/vendor/laravel/framework/src/Illuminate/View/View.php(191): Illuminate\\View\\View->getContents()
#4 /app/www/vendor/laravel/framework/src/Illuminate/View/View.php(160): Illuminate\\View\\View->renderContents()
#5 /config/www/framework/views/8edb2153185ddcede0792056a029bbad.php(16): Illuminate\\View\\View->render()
#6 /app/www/vendor/laravel/framework/src/Illuminate/Filesystem/Filesystem.php(123): require('...')
#7 /app/www/vendor/laravel/framework/src/Illuminate/Filesystem/Filesystem.php(124): Illuminate\\Filesystem\\Filesystem::{closure:Illuminate\\Filesystem\\Filesystem::getRequire():120}()
#8 /app/www/vendor/laravel/framework/src/Illuminate/View/Engines/PhpEngine.php(57): Illuminate\\Filesystem\\Filesystem->getRequire()
#9 /app/www/vendor/laravel/framework/src/Illuminate/View/Engines/CompilerEngine.php(76): Illuminate\\View\\Engines\\PhpEngine->evaluatePath()
#10 /app/www/vendor/laravel/framework/src/Illuminate/View/View.php(208): Illuminate\\View\\Engines\\CompilerEngine->get()
#11 /app/www/vendor/laravel/framework/src/Illuminate/View/View.php(191): Illuminate\\View\\View->getContents()
#12 /app/www/vendor/laravel/framework/src/Illuminate/View/View.php(160): Illuminate\\View\\View->renderContents()
#13 /app/www/vendor/laravel/framework/src/Illuminate/Http/Response.php(78): Illuminate\\View\\View->render()
#14 /app/www/vendor/laravel/framework/src/Illuminate/Http/Response.php(34): Illuminate\\Http\\Response->setContent()
#15 /app/www/vendor/laravel/framework/src/Illuminate/Routing/ResponseFactory.php(61): Illuminate\\Http\\Response->__construct()
#16 /app/www/vendor/laravel/framework/src/Illuminate/Routing/ResponseFactory.php(91): Illuminate\\Routing\\ResponseFactory->make()
#17 /app/www/vendor/laravel/framework/src/Illuminate/Foundation/Exceptions/Handler.php(926): Illuminate\\Routing\\ResponseFactory->view()
#18 /app/www/vendor/laravel/framework/src/Illuminate/Foundation/Exceptions/Handler.php(847): Illuminate\\Foundation\\Exceptions\\Handler->renderHttpException()
#19 /app/www/vendor/laravel/framework/src/Illuminate/Foundation/Exceptions/Handler.php(738): Illuminate\\Foundation\\Exceptions\\Handler->prepareResponse()
#20 /app/www/vendor/laravel/framework/src/Illuminate/Foundation/Exceptions/Handler.php(626): Illuminate\\Foundation\\Exceptions\\Handler->renderExceptionResponse()
#21 /app/www/app/Exceptions/Handler.php(86): Illuminate\\Foundation\\Exceptions\\Handler->render()
#22 /app/www/vendor/laravel/framework/src/Illuminate/Routing/Pipeline.php(51): BookStack\\Exceptions\\Handler->render()
#23 /app/www/vendor/laravel/framework/src/Illuminate/Pipeline/Pipeline.php(224): Illuminate\\Routing\\Pipeline->handleException()
#24 /app/www/app/Http/Middleware/RunThemeActions.php(26): Illuminate\\Pipeline\\Pipeline->{closure:{closure:Illuminate\\Pipeline\\Pipeline::carry():194}:195}()
#25 /app/www/vendor/laravel/framework/src/Illuminate/Pipeline/Pipeline.php(219): BookStack\\Http\\Middleware\\RunThemeActions->handle()
#26 /app/www/app/Http/Middleware/CheckEmailConfirmed.php(47): Illuminate\\Pipeline\\Pipeline->{closure:{closure:Illuminate\\Pipeline\\Pipeline::carry():194}:195}()
#27 /app/www/vendor/laravel/framework/src/Illuminate/Pipeline/Pipeline.php(219): BookStack\\Http\\Middleware\\CheckEmailConfirmed->handle()
#28 /app/www/vendor/laravel/framework/src/Illuminate/Foundation/Http/Middleware/VerifyCsrfToken.php(87): Illuminate\\Pipeline\\Pipeline->{closure:{closure:Illuminate\\Pipeline\\Pipeline::carry():194}:195}()
#29 /app/www/vendor/laravel/framework/src/Illuminate/Pipeline/Pipeline.php(219): Illuminate\\Foundation\\Http\\Middleware\\VerifyCsrfToken->handle()
#30 /app/www/vendor/laravel/framework/src/Illuminate/View/Middleware/ShareErrorsFromSession.php(48): Illuminate\\Pipeline\\Pipeline->{closure:{closure:Illuminate\\Pipeline\\Pipeline::carry():194}:195}()
#31 /app/www/vendor/laravel/framework/src/Illuminate/Pipeline/Pipeline.php(219): Illuminate\\View\\Middleware\\ShareErrorsFromSession->handle()
#32 /app/www/vendor/laravel/framework/src/Illuminate/Session/Middleware/StartSession.php(120): Illuminate\\Pipeline\\Pipeline->{closure:{closure:Illuminate\\Pipeline\\Pipeline::carry():194}:195}()
#33 /app/www/vendor/laravel/framework/src/Illuminate/Session/Middleware/StartSession.php(63): Illuminate\\Session\\Middleware\\StartSession->handleStatefulRequest()
#34 /app/www/vendor/laravel/framework/src/Illuminate/Pipeline/Pipeline.php(219): Illuminate\\Session\\Middleware\\StartSession->handle()
#35 /app/www/vendor/laravel/framework/src/Illuminate/Cookie/Middleware/AddQueuedCookiesToResponse.php(36): Illuminate\\Pipeline\\Pipeline->{closure:{closure:Illuminate\\Pipeline\\Pipeline::carry():194}:195}()
#36 /app/www/vendor/laravel/framework/src/Illuminate/Pipeline/Pipeline.php(219): Illuminate\\Cookie\\Middleware\\AddQueuedCookiesToResponse->handle()
#37 /app/www/vendor/laravel/framework/src/Illuminate/Cookie/Middleware/EncryptCookies.php(74): Illuminate\\Pipeline\\Pipeline->{closure:{closure:Illuminate\\Pipeline\\Pipeline::carry():194}:195}()
#38 /app/www/vendor/laravel/framework/src/Illuminate/Pipeline/Pipeline.php(219): Illuminate\\Cookie\\Middleware\\EncryptCookies->handle()
#39 /app/www/app/Http/Middleware/ApplyCspRules.php(33): Illuminate\\Pipeline\\Pipeline->{closure:{closure:Illuminate\\Pipeline\\Pipeline::carry():194}:195}()
#40 /app/www/vendor/laravel/framework/src/Illuminate/Pipeline/Pipeline.php(219): BookStack\\Http\\Middleware\\ApplyCspRules->handle()
#41 /app/www/vendor/laravel/framework/src/Illuminate/Pipeline/Pipeline.php(137): Illuminate\\Pipeline\\Pipeline->{closure:{closure:Illuminate\\Pipeline\\Pipeline::carry():194}:195}()
#42 /app/www/vendor/laravel/framework/src/Illuminate/Routing/Router.php(821): Illuminate\\Pipeline\\Pipeline->then()
#43 /app/www/vendor/laravel/framework/src/Illuminate/Routing/Router.php(800): Illuminate\\Routing\\Router->runRouteWithinStack()
#44 /app/www/vendor/laravel/framework/src/Illuminate/Routing/Router.php(764): Illuminate\\Routing\\Router->runRoute()
#45 /app/www/vendor/laravel/framework/src/Illuminate/Routing/Router.php(753): Illuminate\\Routing\\Router->dispatchToRoute()
#46 /app/www/vendor/laravel/framework/src/Illuminate/Foundation/Http/Kernel.php(200): Illuminate\\Routing\\Router->dispatch()
#47 /app/www/vendor/laravel/framework/src/Illuminate/Pipeline/Pipeline.php(180): Illuminate\\Foundation\\Http\\Kernel->{closure:Illuminate\\Foundation\\Http\\Kernel::dispatchToRouter():197}()
#48 /app/www/app/Http/Middleware/PreventResponseCaching.php(28): Illuminate\\Pipeline\\Pipeline->{closure:Illuminate\\Pipeline\\Pipeline::prepareDestination():178}()
#49 /app/www/vendor/laravel/framework/src/Illuminate/Pipeline/Pipeline.php(219): BookStack\\Http\\Middleware\\PreventResponseCaching->handle()
#50 /app/www/vendor/laravel/framework/src/Illuminate/Http/Middleware/TrustProxies.php(58): Illuminate\\Pipeline\\Pipeline->{closure:{closure:Illuminate\\Pipeline\\Pipeline::carry():194}:195}()
#51 /app/www/app/Http/Middleware/TrustProxies.php(41): Illuminate\\Http\\Middleware\\TrustProxies->handle()
#52 /app/www/vendor/laravel/framework/src/Illuminate/Pipeline/Pipeline.php(219): BookStack\\Http\\Middleware\\TrustProxies->handle()
#53 /app/www/vendor/laravel/framework/src/Illuminate/Foundation/Http/Middleware/TransformsRequest.php(21): Illuminate\\Pipeline\\Pipeline->{closure:{closure:Illuminate\\Pipeline\\Pipeline::carry():194}:195}()
#54 /app/www/vendor/laravel/framework/src/Illuminate/Foundation/Http/Middleware/TrimStrings.php(51): Illuminate\\Foundation\\Http\\Middleware\\TransformsRequest->handle()
#55 /app/www/vendor/laravel/framework/src/Illuminate/Pipeline/Pipeline.php(219): Illuminate\\Foundation\\Http\\Middleware\\TrimStrings->handle()
#56 /app/www/vendor/laravel/framework/src/Illuminate/Http/Middleware/ValidatePostSize.php(27): Illuminate\\Pipeline\\Pipeline->{closure:{closure:Illuminate\\Pipeline\\Pipeline::carry():194}:195}()
#57 /app/www/vendor/laravel/framework/src/Illuminate/Pipeline/Pipeline.php(219): Illuminate\\Http\\Middleware\\ValidatePostSize->handle()
#58 /app/www/vendor/laravel/framework/src/Illuminate/Foundation/Http/Middleware/PreventRequestsDuringMaintenance.php(109): Illuminate\\Pipeline\\Pipeline->{closure:{closure:Illuminate\\Pipeline\\Pipeline::carry():194}:195}()
#59 /app/www/vendor/laravel/framework/src/Illuminate/Pipeline/Pipeline.php(219): Illuminate\\Foundation\\Http\\Middleware\\PreventRequestsDuringMaintenance->handle()
#60 /app/www/vendor/laravel/framework/src/Illuminate/Pipeline/Pipeline.php(137): Illuminate\\Pipeline\\Pipeline->{closure:{closure:Illuminate\\Pipeline\\Pipeline::carry():194}:195}()
#61 /app/www/vendor/laravel/framework/src/Illuminate/Foundation/Http/Kernel.php(175): Illuminate\\Pipeline\\Pipeline->then()
#62 /app/www/vendor/laravel/framework/src/Illuminate/Foundation/Http/Kernel.php(144): Illuminate\\Foundation\\Http\\Kernel->sendRequestThroughRouter()
#63 /app/www/public/index.php(23): Illuminate\\Foundation\\Http\\Kernel->handle()
#64 {main}

[previous exception] [object] (Illuminate\\Database\\QueryException(code: 1045): SQLSTATE[HY000] [1045] Access denied for user 'database_username'@'bookstack.openproject-docker_backend' (using password: YES) (Connection: mysql, SQL: select * from `users` where `system_name` = public limit 1) at /app/www/vendor/laravel/framework/src/Illuminate/Database/Connection.php:826)
[stacktrace]
#0 /app/www/vendor/laravel/framework/src/Illuminate/Database/Connection.php(980): Illuminate\\Database\\Connection->runQueryCallback()
#1 /app/www/vendor/laravel/framework/src/Illuminate/Database/Connection.php(959): Illuminate\\Database\\Connection->tryAgainIfCausedByLostConnection()
#2 /app/www/vendor/laravel/framework/src/Illuminate/Database/Connection.php(782): Illuminate\\Database\\Connection->handleQueryException()
#3 /app/www/vendor/laravel/framework/src/Illuminate/Database/Connection.php(397): Illuminate\\Database\\Connection->run()
#4 /app/www/vendor/laravel/framework/src/Illuminate/Database/Query/Builder.php(3188): Illuminate\\Database\\Connection->select()
#5 /app/www/vendor/laravel/framework/src/Illuminate/Database/Query/Builder.php(3173): Illuminate\\Database\\Query\\Builder->runSelect()
#6 /app/www/vendor/laravel/framework/src/Illuminate/Database/Query/Builder.php(3763): Illuminate\\Database\\Query\\Builder->{closure:Illuminate\\Database\\Query\\Builder::get():3172}()
#7 /app/www/vendor/laravel/framework/src/Illuminate/Database/Query/Builder.php(3172): Illuminate\\Database\\Query\\Builder->onceWithColumns()
#8 /app/www/vendor/laravel/framework/src/Illuminate/Database/Eloquent/Builder.php(902): Illuminate\\Database\\Query\\Builder->get()
#9 /app/www/vendor/laravel/framework/src/Illuminate/Database/Eloquent/Builder.php(884): Illuminate\\Database\\Eloquent\\Builder->getModels()
#10 /app/www/vendor/laravel/framework/src/Illuminate/Database/Concerns/BuildsQueries.php(366): Illuminate\\Database\\Eloquent\\Builder->get()
#11 /app/www/app/App/Providers/AuthServiceProvider.php(69): Illuminate\\Database\\Eloquent\\Builder->first()
#12 /app/www/vendor/laravel/framework/src/Illuminate/Container/Container.php(1125): BookStack\\App\\Providers\\AuthServiceProvider->{closure:BookStack\\App\\Providers\\AuthServiceProvider::register():68}()
#13 /app/www/vendor/laravel/framework/src/Illuminate/Container/Container.php(943): Illuminate\\Container\\Container->build()
#14 /app/www/vendor/laravel/framework/src/Illuminate/Foundation/Application.php(1078): Illuminate\\Container\\Container->resolve()
#15 /app/www/vendor/laravel/framework/src/Illuminate/Container/Container.php(874): Illuminate\\Foundation\\Application->resolve()
#16 /app/www/vendor/laravel/framework/src/Illuminate/Foundation/Application.php(1058): Illuminate\\Container\\Container->make()
#17 /app/www/app/Users/Models/User.php(98): Illuminate\\Foundation\\Application->make()
#18 /app/www/app/App/helpers.php(36): BookStack\\Users\\Models\\User::getGuest()
#19 /app/www/app/Settings/SettingService.php(62): user()
#20 /config/www/framework/views/d061b6d848142ba4a74aeb2c03a75cf4.php(4): BookStack\\Settings\\SettingService->getForCurrentUser()
#21 /app/www/vendor/laravel/framework/src/Illuminate/Filesystem/Filesystem.php(123): require('...')
#22 /app/www/vendor/laravel/framework/src/Illuminate/Filesystem/Filesystem.php(124): Illuminate\\Filesystem\\Filesystem::{closure:Illuminate\\Filesystem\\Filesystem::getRequire():120}()
#23 /app/www/vendor/laravel/framework/src/Illuminate/View/Engines/PhpEngine.php(57): Illuminate\\Filesystem\\Filesystem->getRequire()
#24 /app/www/vendor/laravel/framework/src/Illuminate/View/Engines/CompilerEngine.php(76): Illuminate\\View\\Engines\\PhpEngine->evaluatePath()
#25 /app/www/vendor/laravel/framework/src/Illuminate/View/View.php(208): Illuminate\\View\\Engines\\CompilerEngine->get()
#26 /app/www/vendor/laravel/framework/src/Illuminate/View/View.php(191): Illuminate\\View\\View->getContents()
#27 /app/www/vendor/laravel/framework/src/Illuminate/View/View.php(160): Illuminate\\View\\View->renderContents()
#28 /config/www/framework/views/8edb2153185ddcede0792056a029bbad.php(16): Illuminate\\View\\View->render()
#29 /app/www/vendor/laravel/framework/src/Illuminate/Filesystem/Filesystem.php(123): require('...')
#30 /app/www/vendor/laravel/framework/src/Illuminate/Filesystem/Filesystem.php(124): Illuminate\\Filesystem\\Filesystem::{closure:Illuminate\\Filesystem\\Filesystem::getRequire():120}()
#31 /app/www/vendor/laravel/framework/src/Illuminate/View/Engines/PhpEngine.php(57): Illuminate\\Filesystem\\Filesystem->getRequire()
#32 /app/www/vendor/laravel/framework/src/Illuminate/View/Engines/CompilerEngine.php(76): Illuminate\\View\\Engines\\PhpEngine->evaluatePath()
#33 /app/www/vendor/laravel/framework/src/Illuminate/View/View.php(208): Illuminate\\View\\Engines\\CompilerEngine->get()
#34 /app/www/vendor/laravel/framework/src/Illuminate/View/View.php(191): Illuminate\\View\\View->getContents()
#35 /app/www/vendor/laravel/framework/src/Illuminate/View/View.php(160): Illuminate\\View\\View->renderContents()
#36 /app/www/vendor/laravel/framework/src/Illuminate/Http/Response.php(78): Illuminate\\View\\View->render()
#37 /app/www/vendor/laravel/framework/src/Illuminate/Http/Response.php(34): Illuminate\\Http\\Response->setContent()
#38 /app/www/vendor/laravel/framework/src/Illuminate/Routing/ResponseFactory.php(61): Illuminate\\Http\\Response->__construct()
#39 /app/www/vendor/laravel/framework/src/Illuminate/Routing/ResponseFactory.php(91): Illuminate\\Routing\\ResponseFactory->make()
#40 /app/www/vendor/laravel/framework/src/Illuminate/Foundation/Exceptions/Handler.php(926): Illuminate\\Routing\\ResponseFactory->view()
#41 /app/www/vendor/laravel/framework/src/Illuminate/Foundation/Exceptions/Handler.php(847): Illuminate\\Foundation\\Exceptions\\Handler->renderHttpException()
#42 /app/www/vendor/laravel/framework/src/Illuminate/Foundation/Exceptions/Handler.php(738): Illuminate\\Foundation\\Exceptions\\Handler->prepareResponse()
#43 /app/www/vendor/laravel/framework/src/Illuminate/Foundation/Exceptions/Handler.php(626): Illuminate\\Foundation\\Exceptions\\Handler->renderExceptionResponse()
#44 /app/www/app/Exceptions/Handler.php(86): Illuminate\\Foundation\\Exceptions\\Handler->render()
#45 /app/www/vendor/laravel/framework/src/Illuminate/Routing/Pipeline.php(51): BookStack\\Exceptions\\Handler->render()
#46 /app/www/vendor/laravel/framework/src/Illuminate/Pipeline/Pipeline.php(224): Illuminate\\Routing\\Pipeline->handleException()
#47 /app/www/app/Http/Middleware/RunThemeActions.php(26): Illuminate\\Pipeline\\Pipeline->{closure:{closure:Illuminate\\Pipeline\\Pipeline::carry():194}:195}()
#48 /app/www/vendor/laravel/framework/src/Illuminate/Pipeline/Pipeline.php(219): BookStack\\Http\\Middleware\\RunThemeActions->handle()
#49 /app/www/app/Http/Middleware/CheckEmailConfirmed.php(47): Illuminate\\Pipeline\\Pipeline->{closure:{closure:Illuminate\\Pipeline\\Pipeline::carry():194}:195}()
#50 /app/www/vendor/laravel/framework/src/Illuminate/Pipeline/Pipeline.php(219): BookStack\\Http\\Middleware\\CheckEmailConfirmed->handle()
#51 /app/www/vendor/laravel/framework/src/Illuminate/Foundation/Http/Middleware/VerifyCsrfToken.php(87): Illuminate\\Pipeline\\Pipeline->{closure:{closure:Illuminate\\Pipeline\\Pipeline::carry():194}:195}()
#52 /app/www/vendor/laravel/framework/src/Illuminate/Pipeline/Pipeline.php(219): Illuminate\\Foundation\\Http\\Middleware\\VerifyCsrfToken->handle()
#53 /app/www/vendor/laravel/framework/src/Illuminate/View/Middleware/ShareErrorsFromSession.php(48): Illuminate\\Pipeline\\Pipeline->{closure:{closure:Illuminate\\Pipeline\\Pipeline::carry():194}:195}()
#54 /app/www/vendor/laravel/framework/src/Illuminate/Pipeline/Pipeline.php(219): Illuminate\\View\\Middleware\\ShareErrorsFromSession->handle()
#55 /app/www/vendor/laravel/framework/src/Illuminate/Session/Middleware/StartSession.php(120): Illuminate\\Pipeline\\Pipeline->{closure:{closure:Illuminate\\Pipeline\\Pipeline::carry():194}:195}()
#56 /app/www/vendor/laravel/framework/src/Illuminate/Session/Middleware/StartSession.php(63): Illuminate\\Session\\Middleware\\StartSession->handleStatefulRequest()
#57 /app/www/vendor/laravel/framework/src/Illuminate/Pipeline/Pipeline.php(219): Illuminate\\Session\\Middleware\\StartSession->handle()
#58 /app/www/vendor/laravel/framework/src/Illuminate/Cookie/Middleware/AddQueuedCookiesToResponse.php(36): Illuminate\\Pipeline\\Pipeline->{closure:{closure:Illuminate\\Pipeline\\Pipeline::carry():194}:195}()
#59 /app/www/vendor/laravel/framework/src/Illuminate/Pipeline/Pipeline.php(219): Illuminate\\Cookie\\Middleware\\AddQueuedCookiesToResponse->handle()
#60 /app/www/vendor/laravel/framework/src/Illuminate/Cookie/Middleware/EncryptCookies.php(74): Illuminate\\Pipeline\\Pipeline->{closure:{closure:Illuminate\\Pipeline\\Pipeline::carry():194}:195}()
#61 /app/www/vendor/laravel/framework/src/Illuminate/Pipeline/Pipeline.php(219): Illuminate\\Cookie\\Middleware\\EncryptCookies->handle()
#62 /app/www/app/Http/Middleware/ApplyCspRules.php(33): Illuminate\\Pipeline\\Pipeline->{closure:{closure:Illuminate\\Pipeline\\Pipeline::carry():194}:195}()
#63 /app/www/vendor/laravel/framework/src/Illuminate/Pipeline/Pipeline.php(219): BookStack\\Http\\Middleware\\ApplyCspRules->handle()
#64 /app/www/vendor/laravel/framework/src/Illuminate/Pipeline/Pipeline.php(137): Illuminate\\Pipeline\\Pipeline->{closure:{closure:Illuminate\\Pipeline\\Pipeline::carry():194}:195}()
#65 /app/www/vendor/laravel/framework/src/Illuminate/Routing/Router.php(821): Illuminate\\Pipeline\\Pipeline->then()
#66 /app/www/vendor/laravel/framework/src/Illuminate/Routing/Router.php(800): Illuminate\\Routing\\Router->runRouteWithinStack()
#67 /app/www/vendor/laravel/framework/src/Illuminate/Routing/Router.php(764): Illuminate\\Routing\\Router->runRoute()
#68 /app/www/vendor/laravel/framework/src/Illuminate/Routing/Router.php(753): Illuminate\\Routing\\Router->dispatchToRoute()
#69 /app/www/vendor/laravel/framework/src/Illuminate/Foundation/Http/Kernel.php(200): Illuminate\\Routing\\Router->dispatch()
#70 /app/www/vendor/laravel/framework/src/Illuminate/Pipeline/Pipeline.php(180): Illuminate\\Foundation\\Http\\Kernel->{closure:Illuminate\\Foundation\\Http\\Kernel::dispatchToRouter():197}()
#71 /app/www/app/Http/Middleware/PreventResponseCaching.php(28): Illuminate\\Pipeline\\Pipeline->{closure:Illuminate\\Pipeline\\Pipeline::prepareDestination():178}()
#72 /app/www/vendor/laravel/framework/src/Illuminate/Pipeline/Pipeline.php(219): BookStack\\Http\\Middleware\\PreventResponseCaching->handle()
#73 /app/www/vendor/laravel/framework/src/Illuminate/Http/Middleware/TrustProxies.php(58): Illuminate\\Pipeline\\Pipeline->{closure:{closure:Illuminate\\Pipeline\\Pipeline::carry():194}:195}()
#74 /app/www/app/Http/Middleware/TrustProxies.php(41): Illuminate\\Http\\Middleware\\TrustProxies->handle()
#75 /app/www/vendor/laravel/framework/src/Illuminate/Pipeline/Pipeline.php(219): BookStack\\Http\\Middleware\\TrustProxies->handle()
#76 /app/www/vendor/laravel/framework/src/Illuminate/Foundation/Http/Middleware/TransformsRequest.php(21): Illuminate\\Pipeline\\Pipeline->{closure:{closure:Illuminate\\Pipeline\\Pipeline::carry():194}:195}()
#77 /app/www/vendor/laravel/framework/src/Illuminate/Foundation/Http/Middleware/TrimStrings.php(51): Illuminate\\Foundation\\Http\\Middleware\\TransformsRequest->handle()
#78 /app/www/vendor/laravel/framework/src/Illuminate/Pipeline/Pipeline.php(219): Illuminate\\Foundation\\Http\\Middleware\\TrimStrings->handle()
#79 /app/www/vendor/laravel/framework/src/Illuminate/Http/Middleware/ValidatePostSize.php(27): Illuminate\\Pipeline\\Pipeline->{closure:{closure:Illuminate\\Pipeline\\Pipeline::carry():194}:195}()
#80 /app/www/vendor/laravel/framework/src/Illuminate/Pipeline/Pipeline.php(219): Illuminate\\Http\\Middleware\\ValidatePostSize->handle()
#81 /app/www/vendor/laravel/framework/src/Illuminate/Foundation/Http/Middleware/PreventRequestsDuringMaintenance.php(109): Illuminate\\Pipeline\\Pipeline->{closure:{closure:Illuminate\\Pipeline\\Pipeline::carry():194}:195}()
#82 /app/www/vendor/laravel/framework/src/Illuminate/Pipeline/Pipeline.php(219): Illuminate\\Foundation\\Http\\Middleware\\PreventRequestsDuringMaintenance->handle()
#83 /app/www/vendor/laravel/framework/src/Illuminate/Pipeline/Pipeline.php(137): Illuminate\\Pipeline\\Pipeline->{closure:{closure:Illuminate\\Pipeline\\Pipeline::carry():194}:195}()
#84 /app/www/vendor/laravel/framework/src/Illuminate/Foundation/Http/Kernel.php(175): Illuminate\\Pipeline\\Pipeline->then()
#85 /app/www/vendor/laravel/framework/src/Illuminate/Foundation/Http/Kernel.php(144): Illuminate\\Foundation\\Http\\Kernel->sendRequestThroughRouter()
#86 /app/www/public/index.php(23): Illuminate\\Foundation\\Http\\Kernel->handle()
#87 {main}

[previous exception] [object] (PDOException(code: 1045): SQLSTATE[HY000] [1045] Access denied for user 'database_username'@'bookstack.openproject-docker_backend' (using password: YES) at /app/www/vendor/laravel/framework/src/Illuminate/Database/Connectors/Connector.php:67)
[stacktrace]
#0 /app/www/vendor/laravel/framework/src/Illuminate/Database/Connectors/Connector.php(67): PDO::connect()
#1 /app/www/vendor/laravel/framework/src/Illuminate/Database/Connectors/Connector.php(85): Illuminate\\Database\\Connectors\\Connector->createPdoConnection()
#2 /app/www/vendor/laravel/framework/src/Illuminate/Database/Connectors/Connector.php(48): Illuminate\\Database\\Connectors\\Connector->tryAgainIfCausedByLostConnection()
#3 /app/www/vendor/laravel/framework/src/Illuminate/Database/Connectors/MySqlConnector.php(24): Illuminate\\Database\\Connectors\\Connector->createConnection()
#4 /app/www/vendor/laravel/framework/src/Illuminate/Database/Connectors/ConnectionFactory.php(184): Illuminate\\Database\\Connectors\\MySqlConnector->connect()
#5 [internal function]: Illuminate\\Database\\Connectors\\ConnectionFactory->{closure:Illuminate\\Database\\Connectors\\ConnectionFactory::createPdoResolverWithHosts():179}()
#6 /app/www/vendor/laravel/framework/src/Illuminate/Database/Connection.php(1236): call_user_func()
#7 /app/www/vendor/laravel/framework/src/Illuminate/Database/Connection.php(1272): Illuminate\\Database\\Connection->getPdo()
#8 /app/www/vendor/laravel/framework/src/Illuminate/Database/Connection.php(511): Illuminate\\Database\\Connection->getReadPdo()
#9 /app/www/vendor/laravel/framework/src/Illuminate/Database/Connection.php(406): Illuminate\\Database\\Connection->getPdoForSelect()
#10 /app/www/vendor/laravel/framework/src/Illuminate/Database/Connection.php(813): Illuminate\\Database\\Connection->{closure:Illuminate\\Database\\Connection::select():397}()
#11 /app/www/vendor/laravel/framework/src/Illuminate/Database/Connection.php(980): Illuminate\\Database\\Connection->runQueryCallback()
#12 /app/www/vendor/laravel/framework/src/Illuminate/Database/Connection.php(959): Illuminate\\Database\\Connection->tryAgainIfCausedByLostConnection()
#13 /app/www/vendor/laravel/framework/src/Illuminate/Database/Connection.php(782): Illuminate\\Database\\Connection->handleQueryException()
#14 /app/www/vendor/laravel/framework/src/Illuminate/Database/Connection.php(397): Illuminate\\Database\\Connection->run()
#15 /app/www/vendor/laravel/framework/src/Illuminate/Database/Query/Builder.php(3188): Illuminate\\Database\\Connection->select()
#16 /app/www/vendor/laravel/framework/src/Illuminate/Database/Query/Builder.php(3173): Illuminate\\Database\\Query\\Builder->runSelect()
#17 /app/www/vendor/laravel/framework/src/Illuminate/Database/Query/Builder.php(3763): Illuminate\\Database\\Query\\Builder->{closure:Illuminate\\Database\\Query\\Builder::get():3172}()
#18 /app/www/vendor/laravel/framework/src/Illuminate/Database/Query/Builder.php(3172): Illuminate\\Database\\Query\\Builder->onceWithColumns()
#19 /app/www/vendor/laravel/framework/src/Illuminate/Database/Eloquent/Builder.php(902): Illuminate\\Database\\Query\\Builder->get()
#20 /app/www/vendor/laravel/framework/src/Illuminate/Database/Eloquent/Builder.php(884): Illuminate\\Database\\Eloquent\\Builder->getModels()
#21 /app/www/vendor/laravel/framework/src/Illuminate/Database/Concerns/BuildsQueries.php(366): Illuminate\\Database\\Eloquent\\Builder->get()
#22 /app/www/app/App/Providers/AuthServiceProvider.php(69): Illuminate\\Database\\Eloquent\\Builder->first()
#23 /app/www/vendor/laravel/framework/src/Illuminate/Container/Container.php(1125): BookStack\\App\\Providers\\AuthServiceProvider->{closure:BookStack\\App\\Providers\\AuthServiceProvider::register():68}()
#24 /app/www/vendor/laravel/framework/src/Illuminate/Container/Container.php(943): Illuminate\\Container\\Container->build()
#25 /app/www/vendor/laravel/framework/src/Illuminate/Foundation/Application.php(1078): Illuminate\\Container\\Container->resolve()
#26 /app/www/vendor/laravel/framework/src/Illuminate/Container/Container.php(874): Illuminate\\Foundation\\Application->resolve()
#27 /app/www/vendor/laravel/framework/src/Illuminate/Foundation/Application.php(1058): Illuminate\\Container\\Container->make()
#28 /app/www/app/Users/Models/User.php(98): Illuminate\\Foundation\\Application->make()
#29 /app/www/app/App/helpers.php(36): BookStack\\Users\\Models\\User::getGuest()
#30 /app/www/app/Settings/SettingService.php(62): user()
#31 /config/www/framework/views/d061b6d848142ba4a74aeb2c03a75cf4.php(4): BookStack\\Settings\\SettingService->getForCurrentUser()
#32 /app/www/vendor/laravel/framework/src/Illuminate/Filesystem/Filesystem.php(123): require('...')
#33 /app/www/vendor/laravel/framework/src/Illuminate/Filesystem/Filesystem.php(124): Illuminate\\Filesystem\\Filesystem::{closure:Illuminate\\Filesystem\\Filesystem::getRequire():120}()
#34 /app/www/vendor/laravel/framework/src/Illuminate/View/Engines/PhpEngine.php(57): Illuminate\\Filesystem\\Filesystem->getRequire()
#35 /app/www/vendor/laravel/framework/src/Illuminate/View/Engines/CompilerEngine.php(76): Illuminate\\View\\Engines\\PhpEngine->evaluatePath()
#36 /app/www/vendor/laravel/framework/src/Illuminate/View/View.php(208): Illuminate\\View\\Engines\\CompilerEngine->get()
#37 /app/www/vendor/laravel/framework/src/Illuminate/View/View.php(191): Illuminate\\View\\View->getContents()
#38 /app/www/vendor/laravel/framework/src/Illuminate/View/View.php(160): Illuminate\\View\\View->renderContents()
#39 /config/www/framework/views/8edb2153185ddcede0792056a029bbad.php(16): Illuminate\\View\\View->render()
#40 /app/www/vendor/laravel/framework/src/Illuminate/Filesystem/Filesystem.php(123): require('...')
#41 /app/www/vendor/laravel/framework/src/Illuminate/Filesystem/Filesystem.php(124): Illuminate\\Filesystem\\Filesystem::{closure:Illuminate\\Filesystem\\Filesystem::getRequire():120}()
#42 /app/www/vendor/laravel/framework/src/Illuminate/View/Engines/PhpEngine.php(57): Illuminate\\Filesystem\\Filesystem->getRequire()
#43 /app/www/vendor/laravel/framework/src/Illuminate/View/Engines/CompilerEngine.php(76): Illuminate\\View\\Engines\\PhpEngine->evaluatePath()
#44 /app/www/vendor/laravel/framework/src/Illuminate/View/View.php(208): Illuminate\\View\\Engines\\CompilerEngine->get()
#45 /app/www/vendor/laravel/framework/src/Illuminate/View/View.php(191): Illuminate\\View\\View->getContents()
#46 /app/www/vendor/laravel/framework/src/Illuminate/View/View.php(160): Illuminate\\View\\View->renderContents()
#47 /app/www/vendor/laravel/framework/src/Illuminate/Http/Response.php(78): Illuminate\\View\\View->render()
#48 /app/www/vendor/laravel/framework/src/Illuminate/Http/Response.php(34): Illuminate\\Http\\Response->setContent()
#49 /app/www/vendor/laravel/framework/src/Illuminate/Routing/ResponseFactory.php(61): Illuminate\\Http\\Response->__construct()
#50 /app/www/vendor/laravel/framework/src/Illuminate/Routing/ResponseFactory.php(91): Illuminate\\Routing\\ResponseFactory->make()
#51 /app/www/vendor/laravel/framework/src/Illuminate/Foundation/Exceptions/Handler.php(926): Illuminate\\Routing\\ResponseFactory->view()
#52 /app/www/vendor/laravel/framework/src/Illuminate/Foundation/Exceptions/Handler.php(847): Illuminate\\Foundation\\Exceptions\\Handler->renderHttpException()
#53 /app/www/vendor/laravel/framework/src/Illuminate/Foundation/Exceptions/Handler.php(738): Illuminate\\Foundation\\Exceptions\\Handler->prepareResponse()
#54 /app/www/vendor/laravel/framework/src/Illuminate/Foundation/Exceptions/Handler.php(626): Illuminate\\Foundation\\Exceptions\\Handler->renderExceptionResponse()
#55 /app/www/app/Exceptions/Handler.php(86): Illuminate\\Foundation\\Exceptions\\Handler->render()
#56 /app/www/vendor/laravel/framework/src/Illuminate/Routing/Pipeline.php(51): BookStack\\Exceptions\\Handler->render()
#57 /app/www/vendor/laravel/framework/src/Illuminate/Pipeline/Pipeline.php(224): Illuminate\\Routing\\Pipeline->handleException()
#58 /app/www/app/Http/Middleware/RunThemeActions.php(26): Illuminate\\Pipeline\\Pipeline->{closure:{closure:Illuminate\\Pipeline\\Pipeline::carry():194}:195}()
#59 /app/www/vendor/laravel/framework/src/Illuminate/Pipeline/Pipeline.php(219): BookStack\\Http\\Middleware\\RunThemeActions->handle()
#60 /app/www/app/Http/Middleware/CheckEmailConfirmed.php(47): Illuminate\\Pipeline\\Pipeline->{closure:{closure:Illuminate\\Pipeline\\Pipeline::carry():194}:195}()
#61 /app/www/vendor/laravel/framework/src/Illuminate/Pipeline/Pipeline.php(219): BookStack\\Http\\Middleware\\CheckEmailConfirmed->handle()
#62 /app/www/vendor/laravel/framework/src/Illuminate/Foundation/Http/Middleware/VerifyCsrfToken.php(87): Illuminate\\Pipeline\\Pipeline->{closure:{closure:Illuminate\\Pipeline\\Pipeline::carry():194}:195}()
#63 /app/www/vendor/laravel/framework/src/Illuminate/Pipeline/Pipeline.php(219): Illuminate\\Foundation\\Http\\Middleware\\VerifyCsrfToken->handle()
#64 /app/www/vendor/laravel/framework/src/Illuminate/View/Middleware/ShareErrorsFromSession.php(48): Illuminate\\Pipeline\\Pipeline->{closure:{closure:Illuminate\\Pipeline\\Pipeline::carry():194}:195}()
#65 /app/www/vendor/laravel/framework/src/Illuminate/Pipeline/Pipeline.php(219): Illuminate\\View\\Middleware\\ShareErrorsFromSession->handle()
#66 /app/www/vendor/laravel/framework/src/Illuminate/Session/Middleware/StartSession.php(120): Illuminate\\Pipeline\\Pipeline->{closure:{closure:Illuminate\\Pipeline\\Pipeline::carry():194}:195}()
#67 /app/www/vendor/laravel/framework/src/Illuminate/Session/Middleware/StartSession.php(63): Illuminate\\Session\\Middleware\\StartSession->handleStatefulRequest()
#68 /app/www/vendor/laravel/framework/src/Illuminate/Pipeline/Pipeline.php(219): Illuminate\\Session\\Middleware\\StartSession->handle()
#69 /app/www/vendor/laravel/framework/src/Illuminate/Cookie/Middleware/AddQueuedCookiesToResponse.php(36): Illuminate\\Pipeline\\Pipeline->{closure:{closure:Illuminate\\Pipeline\\Pipeline::carry():194}:195}()
#70 /app/www/vendor/laravel/framework/src/Illuminate/Pipeline/Pipeline.php(219): Illuminate\\Cookie\\Middleware\\AddQueuedCookiesToResponse->handle()
#71 /app/www/vendor/laravel/framework/src/Illuminate/Cookie/Middleware/EncryptCookies.php(74): Illuminate\\Pipeline\\Pipeline->{closure:{closure:Illuminate\\Pipeline\\Pipeline::carry():194}:195}()
#72 /app/www/vendor/laravel/framework/src/Illuminate/Pipeline/Pipeline.php(219): Illuminate\\Cookie\\Middleware\\EncryptCookies->handle()
#73 /app/www/app/Http/Middleware/ApplyCspRules.php(33): Illuminate\\Pipeline\\Pipeline->{closure:{closure:Illuminate\\Pipeline\\Pipeline::carry():194}:195}()
#74 /app/www/vendor/laravel/framework/src/Illuminate/Pipeline/Pipeline.php(219): BookStack\\Http\\Middleware\\ApplyCspRules->handle()
#75 /app/www/vendor/laravel/framework/src/Illuminate/Pipeline/Pipeline.php(137): Illuminate\\Pipeline\\Pipeline->{closure:{closure:Illuminate\\Pipeline\\Pipeline::carry():194}:195}()
#76 /app/www/vendor/laravel/framework/src/Illuminate/Routing/Router.php(821): Illuminate\\Pipeline\\Pipeline->then()
#77 /app/www/vendor/laravel/framework/src/Illuminate/Routing/Router.php(800): Illuminate\\Routing\\Router->runRouteWithinStack()
#78 /app/www/vendor/laravel/framework/src/Illuminate/Routing/Router.php(764): Illuminate\\Routing\\Router->runRoute()
#79 /app/www/vendor/laravel/framework/src/Illuminate/Routing/Router.php(753): Illuminate\\Routing\\Router->dispatchToRoute()
#80 /app/www/vendor/laravel/framework/src/Illuminate/Foundation/Http/Kernel.php(200): Illuminate\\Routing\\Router->dispatch()
#81 /app/www/vendor/laravel/framework/src/Illuminate/Pipeline/Pipeline.php(180): Illuminate\\Foundation\\Http\\Kernel->{closure:Illuminate\\Foundation\\Http\\Kernel::dispatchToRouter():197}()
#82 /app/www/app/Http/Middleware/PreventResponseCaching.php(28): Illuminate\\Pipeline\\Pipeline->{closure:Illuminate\\Pipeline\\Pipeline::prepareDestination():178}()
#83 /app/www/vendor/laravel/framework/src/Illuminate/Pipeline/Pipeline.php(219): BookStack\\Http\\Middleware\\PreventResponseCaching->handle()
#84 /app/www/vendor/laravel/framework/src/Illuminate/Http/Middleware/TrustProxies.php(58): Illuminate\\Pipeline\\Pipeline->{closure:{closure:Illuminate\\Pipeline\\Pipeline::carry():194}:195}()
#85 /app/www/app/Http/Middleware/TrustProxies.php(41): Illuminate\\Http\\Middleware\\TrustProxies->handle()
#86 /app/www/vendor/laravel/framework/src/Illuminate/Pipeline/Pipeline.php(219): BookStack\\Http\\Middleware\\TrustProxies->handle()
#87 /app/www/vendor/laravel/framework/src/Illuminate/Foundation/Http/Middleware/TransformsRequest.php(21): Illuminate\\Pipeline\\Pipeline->{closure:{closure:Illuminate\\Pipeline\\Pipeline::carry():194}:195}()
#88 /app/www/vendor/laravel/framework/src/Illuminate/Foundation/Http/Middleware/TrimStrings.php(51): Illuminate\\Foundation\\Http\\Middleware\\TransformsRequest->handle()
#89 /app/www/vendor/laravel/framework/src/Illuminate/Pipeline/Pipeline.php(219): Illuminate\\Foundation\\Http\\Middleware\\TrimStrings->handle()
#90 /app/www/vendor/laravel/framework/src/Illuminate/Http/Middleware/ValidatePostSize.php(27): Illuminate\\Pipeline\\Pipeline->{closure:{closure:Illuminate\\Pipeline\\Pipeline::carry():194}:195}()
#91 /app/www/vendor/laravel/framework/src/Illuminate/Pipeline/Pipeline.php(219): Illuminate\\Http\\Middleware\\ValidatePostSize->handle()
#92 /app/www/vendor/laravel/framework/src/Illuminate/Foundation/Http/Middleware/PreventRequestsDuringMaintenance.php(109): Illuminate\\Pipeline\\Pipeline->{closure:{closure:Illuminate\\Pipeline\\Pipeline::carry():194}:195}()
#93 /app/www/vendor/laravel/framework/src/Illuminate/Pipeline/Pipeline.php(219): Illuminate\\Foundation\\Http\\Middleware\\PreventRequestsDuringMaintenance->handle()
#94 /app/www/vendor/laravel/framework/src/Illuminate/Pipeline/Pipeline.php(137): Illuminate\\Pipeline\\Pipeline->{closure:{closure:Illuminate\\Pipeline\\Pipeline::carry():194}:195}()
#95 /app/www/vendor/laravel/framework/src/Illuminate/Foundation/Http/Kernel.php(175): Illuminate\\Pipeline\\Pipeline->then()
#96 /app/www/vendor/laravel/framework/src/Illuminate/Foundation/Http/Kernel.php(144): Illuminate\\Foundation\\Http\\Kernel->sendRequestThroughRouter()
#97 /app/www/public/index.php(23): Illuminate\\Foundation\\Http\\Kernel->handle()
#98 {main}
"} 
